-4.162282325113654480e+00,-1.102387254133714478e+01,-2.093285248567847745e+01,-1.083905599980701595e+01,-2.610471886027483368e+00,-6.332382665081800610e+01,4.195659405044761314e+00,-1.862241786687958722e+01,9.610825080126398134e+00,-3.805526984020838199e+01,1.429518891540979553e+01,-3.351237496549192940e+01,-1.480412475371356607e+01,1.060888691434940689e+01,1.081435073357051735e+01,-7.225405780339952955e+00,-1.768113093751141207e+01,1.887841091856583731e+01,2.887162090701626838e+01,-9.382215302553005287e+00,8.269939027947696530e+00,-3.272302707201281180e+01,-1.361309679391547434e+01,-4.012098541939223395e+01,9.113847315127941329e+00,-9.015289711171279308e+00,1.277358499422512672e+01,-4.102602009699653252e+01,1.181319148246360484e+01,-3.846818702808127455e+01,-9.107429940280448832e+00,-1.318922117869687227e+01,-1.551591797868132083e+01,-2.105982127288067218e+00,-2.733849192881349643e-01,-3.360125290013414912e+01,1.332819218615122914e+01,3.474880656790135802e+00,9.616622964874004253e+00,1.172617694666015176e+01,-1.821508632319011056e+01,1.535652536932911083e+01,2.320708924555822250e+01,6.845736645802787734e+00,1.328007099083436948e+01,2.544116318131444743e+01,1.367290563706207429e+01,-6.135803172433497821e+00,4.089147452172903030e+01,-1.400788575271922465e+00,2.088547334701289060e+01,-1.610612190000697908e+01,1.622050212909783085e+01,-3.295496395393853106e+01,-6.678071265735753270e-01,8.509495718939998454e+00,3.488126483630800578e+01,-3.208721582448555321e+00,8.551779280746552914e+00,1.936542693754668321e+01,2.088353860926705607e+01,2.838690898444615485e+01,9.273680649311017987e+00,-8.634245844839057327e+00,1.441094551257574352e+01,-2.366363448633824085e+00,2.259765911287412621e+01,-1.200660757685157165e+01,7.579580917883099289e+00,-1.231654120871730029e+01,1.302025924352102182e+00,-1.006360209439879227e+01,-5.281061529315546288e+00,1.026479713612788380e+01,-2.683529250668919275e+01,1.338111218702387717e+01,-3.766171996863894833e+01,-1.621124371298388311e+01,-3.195884845993726486e+01,3.258833696340822428e+01,-1.252594819281626215e+01,2.550255087692866951e+01,-4.145969627506319810e+00,5.412861782890010076e+00,2.865510648273713912e+01,1.904055968963240630e+01,1.515529846742492914e+01,-1.564878916974192435e+01,2.452058714101298520e+01,-3.585132496698346927e+01,2.052169970461611470e+01,-3.765420644952036611e+01,4.887847597278888401e+01,-6.920121260574388700e+00,2.556037002870137087e+01,-1.809421069678352367e+01,2.296610505615981523e+01,-7.265201102099775099e+00,1.336342676817044506e+01,-1.352674846666894126e+01
-2.052102693890524066e+01,8.901406574235696922e+00,1.932935660844243131e+01,8.666571936817002442e-02,7.985394334176460163e+00,-1.702211973886854635e+00,5.613566774720457886e+01,-1.051334664021971577e+01,-1.830402449067145554e+01,-9.758775109818932592e+00,9.405437592457765561e+00,2.366115959089739818e+01,-2.503488028158859890e+01,5.063888788719251188e+00,1.652325691568378474e+01,-3.968860621335121408e+00,2.004649442667299652e+01,1.693367404888083572e+00,3.380332690225040793e+00,2.147365112171011337e+00,-7.254993535809279415e+00,-8.335355306391615926e+00,1.452030937714222247e+01,-1.716338317493074683e+01,-2.100578735012686593e+01,-2.020477534339644166e+01,2.403229787488157854e+01,9.551675740867221265e+00,-4.925185896494778781e+00,-5.439013829414557577e+00,-1.487964303460388749e+01,-1.816082097451351274e+01,-7.968402518797702783e+00,-4.542073314182214494e-01,8.083032577774332594e+00,2.508714226339577280e+01,-8.044491012091985027e+00,-3.169063721037975512e+01,-1.411907999336290587e+01,8.682552408087639506e+00,-1.108599359496905201e+01,-6.307904590461031802e+00,2.394290139100141701e+01,4.116027728626612259e+01,-1.023888493300679325e+00,1.593357095344069840e+01,-1.066340111060252838e+01,4.821864016749056958e+00,-1.426511618418797056e+01,1.263810006157019039e+01,-2.138204279473439229e+01,-2.317819623601837975e+01,1.149963996676335043e+01,-1.067414900435406011e+01,-3.986985679708230368e-01,1.917393708993969881e+00,-1.441049202480606439e+01,-2.126051164090621270e+01,1.977082479915184621e+01,-2.986250996836987071e+01,1.001656545383699415e+00,3.198575329782286758e+01,1.913315499417816667e+01,6.299532695205154909e+00,-3.709648162847035735e+01,-2.210511241513710345e+01,1.172729834538613325e+01,1.474990735294905342e+01,-3.711081678016428853e+00,1.928494399973491724e+01,1.578435146453275095e+00,8.251866076707189634e+00,-3.086411671199144990e+01,2.030141924997514380e+01,-9.265477996921504200e+00,-4.795467196125077436e+00,4.600000846966351276e+01,-2.218236069232712282e+01,-1.875529197394613590e+01,2.635760861247769071e+01,2.644303342436630544e+01,-2.474893171988671980e+00,-1.367405865032021239e+01,2.113396635304123805e+01,2.372558781803357064e+01,4.506941280399686889e+00,-1.835437055826914943e+01,1.388102775124584554e+01,6.035573793287249522e+00,-3.531705833252516413e+01,-2.577983934640438690e+01,-1.943798316008393456e+01,-2.001616240152390347e+01,-2.987714814922821915e+01,1.718749520118727503e+00,-3.954691505887848280e+01,-1.063605000451433646e+01,1.732441727222560601e+01,-2.968930353982654324e+01,-5.090758431329552636e+00
2.931197728247694911e+01,1.824342979787669350e+01,4.865711609519238756e-01,4.174801279984377445e+00,1.201966036777315594e+01,-2.358641125943390193e+01,-4.338671446454914360e+01,-4.260728857591596608e+01,1.461373963916743612e+01,-7.066453079992147224e+00,4.028128608997290172e+01,-4.748997966836120810e+01,2.354734920657111275e+01,-7.102929710145143183e+00,-1.543180080916908636e+01,-1.218595560609028539e+01,1.073206748205742578e+01,2.614743157851316724e+00,-3.310807219552809322e+00,-1.668087955660117672e+01,1.539620938695697561e+01,1.656405951832941525e+01,-2.992005990557801098e+01,-4.268996299123817728e+00,-7.638893097966003687e+00,1.741765013311112043e+01,3.209786465790762833e+01,-2.390288191604817314e+01,2.733332096675472656e+01,1.475112301474287335e+01,-2.944819378127729870e+00,-1.757163680901259539e+01,-2.084329263729425463e+01,6.872837911614334772e+00,1.550304934424692505e+01,-8.285511401650781593e+00,-3.603606957954584544e+01,1.343687371681772191e+01,4.999650907896836749e+00,-3.738666926854770090e+00,1.227864938414821694e+00,-1.310284747106843461e+01,-6.166109024916182513e+00,-1.222505925659018011e+01,1.193121705092365126e+01,-1.680744913176335231e+01,2.187001772847926517e+00,-1.734390388449767784e+00,-3.239093506645512832e+01,-2.444800821999173834e+01,9.992523930637851493e+00,1.096993585024479856e+01,-4.584018539902419320e+01,-1.763752519311693590e+01,-3.690784682099332858e+00,5.226582558649878862e+00,-2.553574329805642362e-01,-1.278224431096263558e+01,-3.138361456416750350e+00,2.717968578629826482e+01,-1.696938371015694891e+00,-2.587880377765389639e+01,-3.066535565053500179e+01,-2.909851670529449308e+01,-7.947534295073447552e+00,-1.997709251285172849e+00,4.043156829116629325e+01,-2.712829961875773677e+01,1.506566345161075127e+01,3.177515826720762959e+01,2.601995323505327207e+01,1.305332279253202366e+01,2.708930088521215040e+01,-1.368417609341972252e+01,2.266006974197613744e+01,-6.757697201753583016e+00,-2.761359119379289240e+01,-2.848253205519145848e+00,4.256876538001281851e+00,-7.089404428662163582e+00,-8.582773987776788349e-01,-5.201172862783532969e-01,8.912101924880989401e+00,-3.323290709587433867e+01,-2.911877434368345785e+00,1.067558938896448240e+01,2.122186260034337835e+01,1.396918928609044874e+00,-1.628619905920725941e+01,7.460981694445614210e+00,-6.154902875962319442e+00,-1.867164218276726118e+01,-4.615568624835199785e+01,-1.209846083043566267e+01,-1.311063171872644517e+01,-2.696299831142629166e+00,4.302316559920889460e+01,-2.083947150477953869e+01,1.021581100031055733e+01,8.029993232963285266e+00
-6.635756033842448609e+00,-9.456897853486030403e-01,-3.690239642298600842e+01,-3.412948364913423127e+00,-8.868090166545536945e+00,5.745182320123102926e+00,1.257862935247955427e+01,4.029022523646989384e+01,3.158887133822003790e+01,-1.329442252290246707e+01,-1.282416027030825312e+01,3.534518898689236721e+01,-2.315263962920200669e+01,-2.368512437847365604e+01,8.362350241952082541e+00,4.389554807879959242e+01,-1.838344914941860253e+01,6.005378324932651424e+01,-1.016420337041568978e+01,-2.498613402378668802e+00,2.223100164554444191e+01,1.907439787867988201e+01,5.970290208060927029e+00,3.902236992290103501e+01,7.898777327731572484e+00,-3.043989915329873952e+01,-4.715922429452889730e+01,-4.933395273397210623e+00,-1.867382806596096145e+01,1.971950401218486970e+00,-1.655638035773491623e+01,2.996258441341689860e+01,3.953289448551996799e+01,-5.959323404044692296e+00,2.573056871133832146e+01,-2.592468227432060246e+01,-1.233005744054491615e+01,-8.477533604664051481e-01,3.886270310138046824e+01,2.715040999729403826e+00,2.381482107428251638e+01,-2.469635956271851995e+01,1.534957239170692489e+01,-1.752835109037065564e+01,-3.434677127071309677e+00,-2.018721656479741000e+01,-8.187259626492238151e-02,-2.068058588351894933e+00,4.800947104112472275e+00,3.821388995970566249e+00,-2.956029353954682648e+01,5.461316279761628145e+00,2.210427075274794007e+01,5.435653356734835295e-01,-3.167997808969614937e+01,-3.240870632006269147e+01,2.799340582784546783e+00,6.478750434275621473e+00,-4.225355500593100944e-01,-1.910948340480954499e+01,4.935756146930310706e+01,-1.623047984117325271e+01,6.164204766875720054e+00,-1.544840017771050289e-01,1.643154112313178761e+00,3.378047099692844313e+01,2.331613774129664662e+01,3.546679022869485109e+00,-1.603185067401197728e+01,2.895705075303643028e+01,-3.691733648310030702e+01,-1.560855936700239610e+01,1.394309336400896804e+01,2.304271172902351239e+01,1.030568237356948558e+01,-1.416466017053019399e+01,-2.409066325574690737e+01,-2.463729331481314233e+01,3.519258350994412865e+00,-1.398587267854718164e+01,4.777430146669604483e+01,3.058437205636387901e+01,1.879137306592141510e+00,2.288218465925889689e+01,2.225501468285904494e+01,-3.634229123142852735e+00,7.147787349572029214e+00,-1.365897673979619498e+01,8.818499152675906672e+00,7.926203566669501654e+00,-2.004335722944068365e+01,-8.755227051407297623e+00,-3.058761773075321599e+00,2.958839617528414401e+00,-8.707588095761300551e+00,9.885727274925082853e+00,-9.452409705891444247e+00,3.314514615128285158e+00,2.338073910949631795e+01,-3.386339551377505330e+01
-2.509845834164679701e+01,-1.125522162211644428e+01,-1.116142709283083434e+01,2.808858801224533508e+01,-1.178107146481927003e+01,3.623092849484819311e+01,3.416612215740945757e+00,-1.913179065247151556e+01,-1.162902692493927859e+01,-9.545356719494038078e-01,4.921083060049580293e-02,-2.807942915377252646e+01,9.964110310307678020e+00,1.305961814968414103e+01,9.477153796184327739e-01,9.547160022321230954e+00,3.109477022424719195e+01,-6.194040538207026714e+00,1.921193958789463707e+01,2.384457851586341093e+01,-2.217421044670856034e+01,-3.151023626667900146e+00,-1.898643367763747491e+01,4.241268150445663743e+00,3.552134558249577623e+01,-1.467586567241034956e+01,2.257567152469738403e+01,2.912750092694247428e+01,-2.368941808714977881e+01,1.655117735863529393e+00,8.345045824248387589e+00,1.888555292695057730e+01,-3.833016649538794240e+01,-1.620936344371933302e+01,3.447212249635315118e+01,1.199057573986008762e+01,-4.558502833310008384e+01,1.811053944197413834e-01,-7.843086964335704181e+00,1.318340340322968096e+01,-7.634890254978108359e+00,-3.938487469238011585e+01,1.373224611822999641e+01,1.795107752666441403e+00,6.973873090150395360e-02,-2.608912312187071647e-01,5.060291436843446178e+00,-4.877928613240576361e+00,-1.825350149384354359e-01,-3.672203512961183947e+01,3.585733203718105244e+01,-3.892960687107145823e+00,-2.783976044604384370e+01,2.648441361699574159e+01,1.171612086742969794e+01,1.938259415684416842e-01,-1.855315373884038888e-01,3.678157075735834169e+00,2.203884684045718245e+01,-6.329880037935173398e+00,1.655275057321352250e+01,-1.638359231406711558e+01,-4.873984338096330471e-01,-2.313444535367891319e+01,-4.820815262354047448e+00,-7.807513486592189800e+00,-8.464398568635029818e+00,6.382488601643323989e+00,-3.133556215594897054e+01,1.392345874844495768e+01,1.920144477217084855e+01,-2.540997500465597625e+01,-1.029103429173812145e+01,-2.644553642373145763e+01,2.181505536309337745e-01,4.410116433908046929e+01,8.364014936826130509e+00,-1.279875115107453176e+01,-1.793829876540862900e+00,5.179631302674123106e+01,-7.194002468951971707e+00,3.173102285320266702e+01,2.414226545277871594e+01,4.858059248948057629e+00,-2.752735646811344239e+01,-1.139692171622932193e+01,2.107779626237471859e+01,1.234238475622139575e+01,4.016809344737205834e+01,7.405193110040560356e+00,1.876689864883446024e+00,-1.224414425549884733e+01,4.257189667301061853e+00,-3.249415440511518227e+01,-8.752886319014113070e+00,-3.122340510729680219e+00,-1.282945139531057421e+01,4.332047655990462687e+01,-6.424109612447251649e+00,-2.264785932437245464e+01
-5.258527981147353536e+00,1.555241106889987535e+01,-3.120567310758022472e+01,3.809861849549305646e+01,3.614792452446835114e+01,1.497935703885416103e+01,-2.408709858445198648e+01,-2.646621176690049992e+01,-2.841499885228563471e+01,-1.115327691078663364e+01,1.026219123010011280e+01,2.555001339078866618e+00,1.316824736940783502e+01,-6.903711115340832372e+00,1.475888044041098368e+01,-2.650391819706837637e+01,4.704456554007084890e+01,-4.995296468462531170e-01,1.643990052306172700e+01,-4.868655511048122442e+00,-2.772656580625382716e+01,2.177155110894113577e+01,-4.615010014413083006e+00,-1.500435349905254689e+01,2.107565756521172506e+00,-5.821614218238246874e-01,2.555564834872805058e+00,-1.333810700141605210e+01,3.843757513327282993e+01,-1.169585659808604916e+01,1.422137671671258907e+01,-1.216679775429722099e+01,4.230571017840664183e+01,-1.496167286363639093e+01,-2.256835094696379684e+01,4.216694823641116585e+00,-1.091723308000295845e+01,1.976145824180326116e+01,5.383558448573604327e-01,2.198328690596562041e+01,4.321129785901367626e+01,1.217325300400496602e+01,2.669399416243766865e+01,1.048927475763753003e+00,-4.701480468721038086e+00,-1.341049877403312429e+01,-1.009600791263260966e+00,-4.747304654999682683e+00,-9.634996260982551242e-01,2.627892527564021208e+01,2.378562224652748114e+01,-4.026868464466627273e+01,-5.022287211355516590e+00,-1.648636375605022186e+00,4.872762592404506599e+00,4.435122027366330144e+01,1.512913731806704298e+01,2.535019202612802669e+00,1.079671412675429565e+01,9.978454399900684280e+00,-1.229142885915179839e+01,4.180945804035200553e+00,-1.857802940390921265e+01,-3.050290749856628736e+01,1.160800577172163095e+01,-2.585826390624700100e+00,1.401307066683908431e+01,-2.360920274130669583e+01,-2.295611048515775821e+01,1.025927691871434533e+01,-1.497538540718342759e+01,1.741551771891444389e+00,2.842924847043364878e+01,-4.679029087925186126e-01,3.291242801809743490e+00,-3.126969581831598788e+01,-4.406376424678995818e+00,4.081808463040297319e+00,2.257667034204083123e+01,-3.620337550160389384e+01,-4.316241461096284127e+01,-5.159753024937049126e+00,-5.040824239352993175e+00,-1.005802187819517712e+01,2.665977280073861255e+00,-1.843771856237619033e+01,-7.608654066423066631e+00,2.875924677396486828e+00,9.445107763375726329e-01,1.491154848753699635e+00,1.287372334630263282e+01,-4.944374295025035337e+00,-3.243624311270258520e+00,-2.429520193308344034e+01,-1.096610450187686503e+01,-3.127939867777370608e+01,3.540158480321613155e+01,2.337760922086854620e+01,5.686284190778009062e+00,-9.355013063744999968e+00
-4.675622390699146202e-01,1.867018681698344729e+00,-3.385167364315812222e+01,7.125544222157238039e+00,-2.755195432324763871e+01,1.286568455973801051e+01,2.249764309236973503e+01,4.149265602604103265e+01,2.003910753624264629e+01,-2.018508787839489926e+01,2.203004438781575658e+01,-1.777625548930785371e+01,-1.804816228951399282e+01,2.951640397853290576e+00,1.406824853905062156e+01,-9.313485507686953824e+00,2.380322464287577944e+01,-4.043649545285433966e+00,7.593754665813992943e+00,-1.833048191454470555e+01,1.335965465472574465e+01,1.224718511719784431e+01,7.628609431457439527e+00,6.858118016066140576e+00,-1.587651962747113643e+01,-4.202114846888065358e+00,1.855390103911750899e+01,-2.408751419788720582e+01,1.349395666736244692e+01,-2.660514876764423220e-01,1.529443340740239954e+01,-1.781787151921195189e+01,3.490015355076484838e+01,-8.269098574197810692e+00,3.215416346731211661e+01,-3.312769142169855030e+01,-4.552037919935696952e-01,1.540256432929446184e+01,-2.566826896344046105e+01,-2.911935407144760291e+01,1.160165097733655415e+01,-1.045768880167334203e+01,-9.118632990925044979e+00,8.006695272226341586e+00,-2.523159795344608369e+01,-1.440982005829204482e+01,1.591952614506650576e+01,2.481140953573166996e+01,-3.964984088747198321e+00,1.253922817490042085e+01,-1.627986361885599109e+01,-9.253839088095162646e-01,4.030335334325643259e+01,3.409329804879917702e+01,2.763884137709798239e+00,-2.726640454273484693e+01,3.264475550461151698e+01,1.043828284332484380e+01,-2.467438269567683662e+01,2.213573289245389830e+01,-5.168200672589409628e+00,1.384511287836620852e+01,-8.812973638119039776e+00,-2.689166002557089286e+01,-1.523212981885798634e+01,8.196388561158128638e+00,4.058286661448204935e-01,-5.612929135278891124e+01,1.388461104889899289e+01,-2.582004171433507356e+00,1.150772076213359973e+00,2.141482389195700264e+01,5.846341907059438014e+00,-2.100625710174903560e+01,3.357771151644270446e+01,-5.841047637891658706e-01,3.727350650607135663e+00,1.704214180341724827e+01,-4.611668748191840583e-01,2.685778845747286425e+01,3.922157661988542543e+00,1.879199125254304548e+01,8.614617444510283661e+00,-1.113978986555740036e+01,2.948746583146616018e+01,-4.810650654482090616e+00,-6.599650853195383249e+00,-5.956845274690206749e-01,-1.587025555199853244e+01,2.613025795206647928e+01,-7.218005118707502277e+00,-1.120835489415133424e+01,-3.648103064531058592e+00,5.027147613327377584e+00,4.231292181875195269e+01,-8.819061646883344707e+00,1.209679391498756251e+00,6.490637830078311410e+00,1.280425553694956342e+01,3.634049844558015252e+01
4.380759351779529709e+01,-2.750240024832766039e+01,3.106082583470222858e+01,1.461897560708843002e+01,6.211564366813939753e-01,5.299451727334900220e+00,7.565211332335257666e+00,1.954136836304499880e+01,-1.350594070813540348e+01,7.338546882462744669e+00,2.044343854875398847e+01,9.921552969719432014e+00,-2.979144416554086661e+01,4.877244209827914290e+00,-2.016028660480274937e+01,5.416699079749974999e+00,-1.191714617894647610e+01,2.658567717276347508e+01,-6.611380805372726321e-01,-1.958511329599065931e+01,-5.452007719718547918e-01,-2.954574063628735914e+01,3.859118825867554392e+01,2.798974465995228655e+01,-5.315391921193295843e+00,7.163803728227780887e+00,-4.374293270884984963e+01,-5.254217860464299861e+01,-2.750476058037286897e+00,1.543149910017467263e+01,-1.296112262260656456e+00,4.402373958221954808e+01,1.298455211330361792e+01,4.424954520700494953e+01,1.486963978606273606e+01,1.692927443919028718e+01,2.889196570450735635e+00,4.350098168937019061e+00,-2.055142471732202658e+00,1.804952492626311766e+01,-3.239752956784255389e+01,-4.102753734422687870e+01,1.201555498677425504e+01,3.857341997687513402e-02,4.459104511621081457e+00,-3.194357927552427157e+01,1.019316121808471820e+01,-2.098574381602728778e+01,-6.777663973429724820e+00,5.009616725607008547e+00,2.298169978869601238e+01,5.575394679983184432e+01,-4.728942513257516467e+00,-1.960825654176834298e-02,2.638837540067209986e+01,1.532138767755120590e+01,-4.836410543617101432e+00,3.420732530710887431e+01,-1.223324105157059805e+01,3.843402671567696416e+01,-3.232908767241887915e+00,-2.385700060467497252e+01,2.664254474113973359e+01,-2.187687236919678924e+01,1.965597124669899642e+01,6.056855757935033324e+01,-1.044536722292203201e+01,3.813557038188672266e+01,1.288736812031413992e+00,-6.996505357190471841e+00,2.877909797197081687e+01,-1.889154789100599885e+01,7.420221245642573571e+00,-3.804809084812868036e+01,-2.040544944955788154e+01,-2.473568521933173781e+00,-1.936059881743189237e+01,-4.806179017149005972e+00,3.730521493882053008e+00,-2.493278344902636690e+01,-2.004835838428978789e+01,1.338160045687067878e+01,6.650180688720312538e+00,2.964164385878494556e+01,-1.636187411233428080e+01,2.949472120508460904e+01,1.850947698522217877e+01,4.590539254179746287e-01,-1.189172839221518529e+01,-1.873048969264463182e+01,8.985103604164532243e+00,-4.544605242351099639e-01,-2.575326797014998803e+01,-6.099738979512705939e+00,-1.887019230016191207e+00,4.000171947715341680e+00,3.671241099567577049e-01,-4.122132687399241213e+00,3.894296257326159250e+00,-1.306714360608903558e+00
4.846254802386944505e+00,-4.380818809381464618e+00,-7.499897594564026271e+00,-3.001904846084980250e+01,-7.742810415463607043e+00,-3.434450100211514467e+01,-1.586833840277960661e+01,3.117185807337652292e+01,-3.576845221221316251e+01,2.895087384428828869e+01,-2.278573116292240286e+01,3.086946355375806661e+01,1.949371728436921458e+01,1.736729229146837028e+01,5.288923303308139978e+00,-2.526556616768661279e+00,-5.597796193675497634e+00,-3.785641012393965354e+01,-2.709075007459026629e+00,-5.293836268602485795e+00,-1.835984062844026710e+01,-1.885288867611191677e+01,-1.986728613709050961e+00,-2.614265119303413698e+01,-2.614539929351439973e+00,2.821742477576875530e+01,1.816802922708899359e+01,-2.082448851019687197e+01,2.383859169414117218e+01,3.985350268630153181e+00,3.339732990280414526e+01,4.987807647484736595e-01,-2.006939514099666511e+01,4.733843570032726156e+00,2.530967250329943852e+00,-2.840650749760861871e+01,-3.212328479078001919e+01,3.916089467172281680e+00,1.629645967612597346e+01,-2.675303501814453089e+00,-1.746399841740051428e+01,1.405696057228379026e+01,3.543287546938532273e+01,7.408638044206880657e+00,-1.483337206278842046e+01,-4.043414565386790827e+01,3.087424181609512175e+01,3.356910860624402204e+01,-1.176925679659492197e+01,1.060985555945754832e+01,-2.713719201894035393e+01,-1.112497611030345723e+00,-1.413701475666078977e+01,-1.832204999189830374e+01,-9.121948533945243298e+00,-2.144363497134047947e+00,-3.464322488314954285e+01,2.462078780514488940e+01,-4.082753158708180052e+01,1.194681400519897352e+01,1.008197876580346808e+01,1.897895496011558691e+01,-5.089682033072374878e+00,-2.769074304568257361e+01,-2.765943581211418945e+01,2.434946604568363071e+01,-4.767004686809324099e+00,2.066136622810384438e+01,-1.770574439339983641e+01,1.333741461968915232e+01,-6.349346611176751587e-01,1.144257146849488471e+01,-2.149377293529430233e+01,-3.075618407678162747e+00,-1.184916217425066876e+01,-2.594595310672912092e+01,2.140207378333642829e+00,8.084509595015717309e+00,-2.562147947946806426e+01,2.704634466558789541e+01,3.218427653878335093e+01,8.351316706698339587e+00,-8.903581679751432887e+00,-7.417810488297203797e+00,-1.029331695097362775e+01,-1.111189976234677879e+01,-2.609946468268082143e+01,-1.660881497546064978e+01,1.305555472195390365e+01,-2.125227729049088765e+01,1.481001824036284198e+01,1.202253652177311949e+01,1.965031169302342562e+01,-2.150324729088723519e+00,1.073809186112750602e+01,-3.283936334152341985e+00,-4.084800162150378355e+01,1.269209573626743248e+00,-2.153723830567654574e+01,-2.903209869955387745e+01
-1.455860321758448528e+01,5.437158449456486409e+00,-9.057650359691470143e+00,1.240224338493755063e+01,4.976702029232236146e-01,8.569378446789302828e+00,1.635018298255809555e+01,1.988666734902598066e+01,-5.510758431040081007e+00,-2.532851963842526999e+01,9.619543884404004874e-01,-2.584837493599474101e+01,-2.860249437714009701e+01,3.850444540802047300e+01,-1.452715967710827272e+01,-1.421190612869211023e+01,-4.581422071323202339e+00,-3.960354555933149356e+01,1.827565605469361643e+01,-4.637066207166215648e+00,1.940480980046778114e+01,1.366249264067423574e+01,1.747043578479574322e+01,-6.061107115509877019e+00,1.556209831941291100e+01,-7.342315506731737607e+00,-1.257550008974991407e+01,3.263983112658433328e+00,1.717694430966361452e+01,6.951686593144264847e+00,-3.797019181074202976e+01,-2.834271812896604104e+01,2.604346716478086066e+01,2.456559291842187065e+01,-3.438823779924926072e+01,-1.055957170986941129e+01,-3.517104601710849465e+01,1.752330957988366578e+01,9.283999386596335501e-01,1.743479143053203018e+01,-7.487631927221215733e+00,1.172435234332736975e+01,1.404175866396935035e+01,3.079971749885371679e+01,-4.412947255263799384e+00,-3.052101900342766427e+01,-3.622777906557747229e+01,-2.658457652131852100e+01,2.475532953173561168e+01,3.663633609853468442e+01,1.393518692449608132e+00,-1.416292137055014244e+01,9.559884483286487100e-01,-2.191986645491320118e+01,-2.946833106212248055e+01,-1.446434252001790632e+01,3.153441479899117184e+01,2.825317051878901253e+00,3.781512707058922729e+01,5.273431995648927284e+00,-1.463294745144791520e+01,6.343674365785391345e+00,8.668527108223219813e+00,-2.228325122598419639e-01,-2.347604501352025608e+01,-2.462013592907440440e+01,1.056016723226414911e+01,1.276026438028985233e+01,6.820572166431579930e+00,-7.050213978870262244e-01,9.800329674760847709e+00,2.866818685480322415e+01,-7.502625964019557614e+00,-3.549201814761190121e+00,-2.660245642071047190e+00,7.135811322787172450e+00,3.291656815429027461e+01,3.354268113819562558e+01,-3.314510970600777284e+01,5.735399170489658971e+00,-1.289238528720403920e+01,1.915534718364070343e+01,-5.654719904926302831e+00,2.054541083550570590e+01,3.959548375392198949e+00,-3.567628808593849499e+01,-3.148660090504431608e+01,2.514861462827151328e+01,5.675500800435593796e+00,6.460236142867137765e+00,-3.870065508945655708e+00,2.419103561369692557e+01,-5.371988157513966300e+00,2.781697908438441047e+01,3.324763837438219838e+01,-8.564515195419048155e+00,-7.952542928023478730e+00,-1.136625046390437532e+01,3.049909051558706707e+01,-1.422005556893064515e+01
7.383545475426596560e+00,-1.941517892929325129e+01,8.284992925681452292e+00,1.438312252509155442e+01,-3.365271817541201926e+01,-3.177977170934070728e+00,-1.078885736361072745e+01,3.157202197596912185e+01,3.668853712843906045e+00,-1.068190155505677552e+01,6.502387731294091644e+00,-2.833812465649226908e+01,-1.842581093796133018e+01,-2.397642729804818629e+00,-2.584833429866240984e+00,-1.057843933448683238e+01,1.548064362174556230e+00,-8.366776243387926471e+00,-2.497952652812031715e+01,1.818805649202374752e+00,-5.478290743503668736e+00,-5.614525084719018011e+00,2.026462045013762481e+00,4.222847673200579521e+00,-1.538869154845551002e+01,-2.010305892153921192e+00,-4.819927519233374369e+00,1.755066930503292255e+01,3.002519643673934535e+00,-5.017237109147979623e+01,1.187746715911504225e+01,1.348980806149569744e+01,1.764922166435619744e+01,-1.242740788680758257e+01,-2.170035563863155659e+01,-8.615770723356433791e+00,-1.309675242836771680e+01,1.968828726758586711e+01,-1.035003182327700699e+01,1.341267433296754064e+01,3.013248632138950356e+01,7.942352433584147775e+00,-1.203481661041343820e+01,-1.835771016241602993e+01,-6.113658191547330034e+00,1.427075708713734770e+01,1.627582132957151373e+01,-3.351380593592178769e+01,-3.277558366869580198e+01,1.246945211503412665e+01,2.976494860006352638e+01,-1.400734299853925080e+01,-9.896963598459699085e+00,1.538886701991514272e+01,-9.749538251174330483e+00,-3.565430964997928776e-02,-3.480790224450518622e+01,-6.898090415677605947e+00,3.493372961323132841e+01,-3.253613149594760223e+00,-2.154735407309387174e-01,-1.054950513917100707e+01,4.901121146449162858e+00,2.055111527860759679e+01,1.653844347095559542e+01,-5.587997149708502320e+01,-8.440205323048243002e+00,8.210893717070860021e+00,-1.403632240355043770e+01,-1.497933483586192160e+00,1.060008049535073837e+01,-7.148119883119915308e+00,-2.413150656059774235e+01,-5.601960501050315955e+00,9.284885972465803938e-01,-1.598522390690212980e+01,3.610696224701221979e+01,-1.095722695235244082e+01,2.681860208766470777e+01,-7.296817102647121800e+00,-2.950573013397964672e+01,-1.713364164509713206e+01,-1.163401485385495526e+01,2.950258346723704239e+00,8.217010368963491018e+00,5.734995809354401786e+00,-5.718761236112782420e+00,4.369653629018076302e+00,-1.136546136632100534e+01,-3.340123864603208315e+00,-1.888976395995363688e+01,-1.420309113231662934e+01,-2.677316798206648230e+01,-1.362531154366814334e+01,1.585132157804069308e+01,9.980588748225533990e+00,2.070094533393146108e+01,-5.649931149437411193e+01,6.768914862298618829e+00,-9.546961530760142978e+00
1.428444805508316229e+01,-1.173753853456199714e+01,-1.078704697430455006e+01,-4.475913868569150189e+00,1.479226496258373658e+01,-7.319426162916423451e+00,1.075921434287515410e+00,-1.863930694758465734e+01,9.523095785489882559e+00,2.777193112714094525e+00,-3.877147102966466718e+01,2.061940868440295915e+01,5.860044487480735587e-01,6.372857443987183679e+00,-2.639642334496713616e+01,-6.803967949955228356e+00,-3.601689435811865536e+01,5.004918098504494317e+00,-8.226774829295788294e+00,-2.928757311597099289e+01,-2.332286998788916321e+00,-9.538506212723246946e+00,-1.524634136825987873e+01,1.403039646072138780e+01,1.379308814907214398e+01,2.893554253839912249e+01,1.745324587624717338e+01,-4.499347848801256156e-01,-1.543257945904604078e+01,-4.669423153006546645e-02,-2.454580939332280209e+01,4.345155859676909316e+00,-6.082690357706683315e+00,1.633598944027105304e+01,-1.443416661093922038e+01,-3.055387288893441244e+00,-1.085957088794391678e+00,-1.486287089860902455e+01,1.846042536835082570e+00,8.130511749213650274e-01,1.029744503322865867e+01,-1.956839246648793162e+00,7.883385966508745568e+00,1.952026102804292407e+01,-1.878008822496545349e+01,2.664790205244591093e+00,1.607333826801993837e+01,6.786045892688002290e+00,-2.805254481358385377e+01,-1.345830834204711302e+01,-9.078316168449815038e+00,-8.668891483325140257e+00,1.523925462621333438e+01,1.973585837841397250e+01,-7.558760366061602731e+00,2.447767897537901050e+01,-1.606601296922992717e+01,4.313774378981598545e-01,9.386622683796115751e+00,1.468529629520502588e+01,-1.233151430452498198e-01,1.311842119394198569e+01,-1.782993868685088046e+01,-1.179254028783751629e+01,-4.605950866942205124e+00,1.612582453196569432e+01,1.635322854988457308e+01,6.737237134338890598e+00,-7.831309716530097553e+00,-1.779523209866378153e+01,1.011403178121170399e+01,-1.312117418595373008e+00,2.848255706238385976e+00,-1.959479266878150128e+01,-8.558423766613648453e+00,1.423861627420230924e+01,-7.804077472024570739e+01,-6.066020890793491382e+00,4.213387376372220672e+01,-2.120771292229752802e+00,-8.749039987646067829e+00,-4.472326216292648038e-01,-1.660321112811475430e+01,-7.785545783861705260e+00,1.630882563510930083e+01,-1.251066614457819703e+01,-9.166550595220936515e+00,-8.650103454931137748e+00,1.308971976836160289e+00,1.043919215048314442e+01,6.203155563200767553e+00,3.619794093515298528e+01,-1.844684438373523960e+01,-1.692971194316690742e+01,-2.303626913098994322e+01,-6.667755433188568004e-01,-1.137153960046249246e+01,-5.858618795492985143e+00,-1.700793375923247197e+01,-3.396542024285186301e+01
3.628863284885341045e+00,-1.265525162908596535e+01,-2.712591269572212482e+01,-2.892433725116596022e-01,-2.933183171487688412e+01,-2.513696224706820814e+01,-3.401502766425882385e+01,1.382366275058804561e+01,-2.771725135545577956e+01,2.528759296881772922e+00,2.684280992158371149e+01,2.877754621487041931e+01,4.912820588544390432e+01,3.539655707157881182e+01,-2.905545008617241720e+01,-2.353233080548156764e+01,-1.692286378331224483e+01,-5.347933754204004408e+00,-2.896666659186551840e+01,-1.704820007113646341e+01,5.811943074180920377e+00,2.157825531976235567e+01,-1.120310660829936111e+01,4.200106376891611148e+01,1.110121390116377427e+01,1.183131547309212728e+01,9.239914841371524190e+00,-2.762676418660894484e+01,1.056210347512842596e+01,-1.322868805585975238e+01,4.215178984187438971e+01,1.401519285027071682e+00,-1.900129872316425406e+01,2.897151013328269187e+01,-5.186913007175913748e+00,1.856976741858963997e+00,3.172974285252590576e+01,-1.481171551726371405e+01,1.896458166093515629e+01,-7.000585691463101945e+00,-3.901936718113886116e+01,-1.574601977013372966e+01,3.190994382198827140e+01,9.829171651550083766e+00,2.640140586633872033e+01,-5.999079868848284036e+00,-2.756686732428292785e+01,-2.797789220984898240e+00,-2.030756484418320795e+00,-2.272773119907137129e+01,-8.018298971675896780e-02,-1.271694517612529829e+01,-1.334749439317256403e+01,-9.957831310751252829e-02,-1.035381920094890518e+01,-1.526557792237604083e+01,-3.392700790272295563e+01,-1.540326430190273399e+01,2.333083727735916924e+01,1.725504299760833149e+01,2.081309953992520612e+00,1.148225467559971236e+01,3.820091690603452861e+01,2.659411976946478262e+01,5.003844680320309379e+00,-1.241655269640086345e+01,-3.186719650701585493e+01,2.293522342737040276e+01,2.532596190044255735e+00,6.944202322809675643e+00,1.544404517079358996e+01,3.013124536730243364e+01,-7.001516612534206985e+00,-1.695434575431766433e+01,-1.760075282951700792e+00,5.881507755392030745e+00,-8.977324343236610105e+00,-1.193927731418709470e+01,5.808089615088307234e+00,3.167832230109429759e+01,2.532709232921206421e+01,-1.505951627041144292e+01,-2.743971331141377945e+01,-1.511218356750474001e+01,-1.417033096669032055e+01,1.202694093011946563e+01,1.426470127114794195e+01,-1.042603651659822717e+01,-5.544968593049588890e+00,-3.032603553863327406e+01,4.141101991325796483e+00,1.586101569027452030e+01,4.293381345200163679e+00,-5.269321157697080871e+00,2.509380306313156694e+01,1.707343444049294234e+01,-2.379635069793043556e+01,-2.618521158443824959e+01,-5.361937020158707767e+00,-4.918560170450568592e+00
-1.555067913817714853e+01,-2.092346136507650201e+01,4.389053377598717276e+00,-4.126300874924449147e+01,1.583836334815454450e+01,-5.828677914329433918e+01,2.542912676711266329e+01,2.042852923715442870e+01,-1.845480424179817547e+01,-1.402122809867536013e+00,1.731962760895394382e+01,-1.633359453070082523e+01,-6.253675168104855686e+00,8.489491770059848008e+00,1.725011733562865146e+01,1.289396842393685017e+00,-4.316762577259706291e+01,-3.053082021241406263e+00,1.478481442359118603e+01,2.146135430145329082e+01,7.460263428032403610e+00,-1.957746700447238908e+01,-1.722830470663634372e+01,-1.440421577123789376e+01,1.027423997793612465e+01,9.519502510914636062e+00,-6.769309600626581158e+00,-2.602102179244682034e+01,-2.537566334074503871e+01,7.056153678563140019e+00,-6.139250045030671288e+00,-1.086769388910514778e+01,1.414561997604379506e+01,2.340967161059963786e+01,-1.716910040652705760e+01,-1.972536355522760587e+01,9.534707757869455236e+00,3.787728594197661280e-01,2.088190433140730207e+01,3.220824535934873722e+01,1.689275039189124072e+01,-7.828298771849000914e+00,3.780930983305457005e+01,-3.962108408460039755e+01,3.011924514528601904e+01,2.073577749836632833e+01,-1.190127762696029734e+01,-2.849647565967786633e+01,-2.259963872707420052e+01,1.754827984611751823e+00,-1.418539314404391050e+01,-2.643497233327174012e+00,-2.236900760551089462e+01,2.394701715792788477e+01,-3.807124882659914533e+01,-2.929125610152804526e+01,2.132013160916028127e+01,-4.562237611160117012e+01,-1.130244262863593363e+01,-1.028800957503782598e+01,1.833185919824448007e+01,3.176985225603452978e+00,-3.280763517192331058e-01,-1.822484578259349774e+01,1.525115844143777366e+01,4.548985052309006250e+01,-5.334184479100032128e+00,2.351072018699264632e+00,-2.208826798787487000e+00,7.275054976372847371e+00,1.539765768284956948e+01,1.596130946834272279e+01,1.797708806193818898e+00,4.541695926148006990e+00,-1.657055867672934824e+01,7.155889435340870186e+00,-1.195560202906840885e+01,2.350562897199756662e+01,-2.324577141236014199e+01,1.035459529726424677e+01,-2.635758486172767867e+00,2.248714966400442350e+01,2.978058946961495224e+01,1.963943420793605199e+01,-1.340836184248068008e+01,8.451311015400651883e+00,-2.430951533280973820e+01,-5.407078518171873327e+01,-2.301645338722427780e+01,1.053822641952934802e+01,-5.611754866181782875e-01,-4.644325175322099319e-01,3.032230691003973178e+01,-2.661638942352871906e-01,-2.863653839300991422e+01,-2.375796957759901673e+01,-1.307234538136034629e+00,-1.658097046228083116e+01,-1.968555604234247980e+01,1.977229916684357391e+01
-2.763778425856734700e+01,-3.162996353055867971e+01,4.193024966154821698e+01,3.169718565047913472e+01,-6.183934550871455826e+00,-6.399462464221413072e+00,6.382467401627153869e+00,2.074757482588840674e+01,-3.799412493656953416e+01,1.504947924544171300e+01,-1.073756667942434850e+00,3.315007415156566140e+01,2.908988686328167717e+01,1.470360119412398880e+01,-7.683347571067878690e+00,1.549590985613735405e+01,3.379668533975665135e+00,-8.792733237710750771e+00,-2.417789423397062976e+01,7.070405764451857422e+00,-2.153801125026281227e+01,2.936300911430435256e+00,4.138763895183494412e+01,7.113627332854131069e+00,2.215588463129682140e+01,-1.107605199928881845e+01,5.139759918009019657e+00,-1.356407386800360726e+01,2.952377232871910895e+00,-4.876598376832841808e+01,-1.922153529624690904e+01,5.617730126154947712e+00,1.760790891052021578e+01,1.108787182942561067e+00,1.638959200229770019e+01,-3.830852338881701513e+01,-3.001646005764787795e+00,-2.837892419395458532e+01,-7.004091066689310807e+00,-3.765647912351923310e+00,1.341661446444648798e+00,-1.044419471528982335e+01,-3.494973773535765815e+01,-2.016039142049608213e-01,-1.538482569967668923e+01,9.835832769816763133e+00,9.241745440724187688e+00,-5.528572176612309264e+00,3.780489040824803304e+00,2.100250376953952669e-01,1.427114449081045855e+01,-6.235888116620807331e+00,-7.639947769529975119e+00,4.308735336824597795e+01,3.246119690449755524e+01,-1.710080503967228083e+01,3.917559905912835916e+01,-2.780325867681341379e+01,-8.896859471234158434e+00,6.341978337468697546e+00,-3.472874086608199207e+01,-1.346275203263611964e+01,-7.606889162199995447e+00,5.839207610401919268e+00,-1.786328672149689822e+00,-2.209267228721974519e+01,-1.358695758042001600e+01,5.317241844852868660e+00,2.672876007862450010e+01,2.529117131942355812e+01,-2.931894341920326497e+01,-2.923368185718933887e+01,-2.557605366851554862e+01,-3.942912884979731558e+01,-1.895094329508370734e+01,-4.188391419510434588e+01,-1.566213965300572664e+00,3.455323005668203251e+01,-1.213043951433821555e+01,-3.775201463483610098e+01,-7.660133396779253090e+00,1.853895208329466726e+01,-1.286832604954430792e+01,-2.764726182001134802e+01,1.951481818325338224e+01,-1.955807593107133258e+00,-6.653873512584982386e-01,1.844523032866446144e+01,-1.411143993075360648e+01,7.995493740307174413e+00,2.365424879279665049e+00,-2.811950276150501793e+01,1.539633351729193134e+00,-1.771516325344743947e+01,2.552568434830971356e+01,7.598193722679877027e+00,-1.929131931686707091e+01,-2.189297348205143834e+01,1.850539910865387494e+00,2.914083236895246642e+01
-2.557817884914090101e+01,2.982336334780375253e+01,-4.538162129191834815e+00,-8.958391993770046469e+00,2.857351628616114692e+00,-8.175115281833324588e+00,3.903564578887986691e+00,-2.220360405254772473e+01,2.897796794425047118e+00,-8.751648280432682725e+00,-1.270765566064668661e+01,-2.230336000001672048e+01,4.611196850111792145e+01,2.507981354113564976e+01,-9.139688802270574897e+00,4.937847015410869567e+00,-6.708931523658026919e+00,-4.267941772319396421e+00,1.829815605367776143e+01,-2.825707987754261552e+01,-1.293508037932584287e+00,1.664153235022829946e+01,-1.055890052319467109e+01,-1.278453247926579017e+01,-1.569544502341061332e+01,2.682773990784935059e+00,-3.011159131126571253e+01,3.247773773763599081e+01,-2.574383965732483759e+01,-4.235336411915848487e+01,6.043812294801415241e+00,-3.138246368039144230e+01,-8.801173662661620156e+00,2.321124942379985612e+01,2.977470648121194330e+01,-5.724400958483540691e+00,-4.695544018626249994e+01,1.116119509411181099e+01,6.301044396759824195e+00,-1.928922135774852720e+01,1.077239836854526978e+01,1.098201536678480394e+01,-1.514197997680602725e+01,-2.390273637357349656e+01,-2.477851903884540796e+00,1.679835685487412356e+00,2.078649534459679415e+01,2.747597147253866012e+01,1.810694503725167337e+01,1.075292273953697730e+01,1.994223318318626781e+01,-9.916484596427702414e+00,-5.125340101273134330e+00,-1.742074903926916463e+01,9.808067806981389580e+00,2.563356566625679278e+01,-1.766843049112470254e+01,-1.195254249895887000e+01,-5.616961271248413823e+00,6.037535999507197992e+00,-1.666269530692459000e+01,1.572112824245212082e+01,-1.278314117224631286e+00,-1.268098850767872499e+01,-3.150350868583852915e+01,2.075812216632948548e+01,-1.627060734349444715e+01,-2.424533407403946939e+01,1.752258649570957871e+01,-2.982305484164230336e+01,2.521682321903146828e+01,2.928779162718929996e+01,-2.839584630748139560e+01,-3.844541157071978432e+01,1.599753132409042777e+01,-4.042915613668304786e+01,4.478916880685501312e+00,-3.875551137187113859e+00,1.152840652399223131e+01,1.227065977376675043e+01,3.069488059060239848e+01,-2.212273792749146040e+00,3.714767788024204709e+00,3.433419331308291689e+00,-1.782607307905862015e+01,1.515148916490642428e+01,1.572593976140155547e+01,-1.857875767840061698e+01,2.939124395546675572e+01,-8.695057492843279334e+00,1.298399697627241700e+01,3.547112227080558711e+01,1.627747651979011678e+01,-5.901487732240628503e+00,2.070587859586769497e+01,-1.329498179758874343e+01,1.551514532856532469e+01,2.424522618376269989e+01,-1.784622199871654935e+00,1.964385752531505602e+01
2.044688217819854259e+01,2.801663288282924924e+01,1.409928408705479619e+01,-1.292911792352303380e+01,9.105755635894694500e-01,1.525241469797340699e+01,-1.102573113015688122e+01,2.760968769676062351e+01,-4.474878855795290633e+01,-6.428739935064189837e+00,-1.617091732774008150e+01,-1.638067595609911109e+00,9.794039080019466326e+00,2.173205742780285732e+01,4.711700580933912974e+00,3.006645193145268902e+00,1.912917055322438387e+00,2.501175686198116921e+00,-5.458297299828721805e+00,-1.277021767057916790e+01,1.572793995719904103e+01,-1.788611284190817230e+01,3.847429812544677752e+00,-1.916127633875410652e+01,-3.960299799632354123e+00,1.768934455934387984e+01,-4.114785643119905956e+01,2.277807790398606969e+01,-1.459115886531815232e+00,-1.550364332442176529e+00,1.760472080734161437e+01,-1.103218897666838316e+01,-3.895635503954441248e+01,-4.067769795255499332e+01,-8.959638828158416501e+00,-6.828390269409645441e+00,-7.109335665790990078e+00,4.087843750393959397e+01,2.613821698180072151e+00,-1.178766815107460708e+01,9.400055924240344751e+00,-3.300434667638759834e+01,1.681838960346030021e+01,-8.677660239965989675e+00,-9.561108220927474477e+00,-1.363984010080445763e+01,1.893406753709282242e+01,-6.495697556238209991e+00,9.807493979976138476e+00,-5.523754517473334680e+00,-2.215425445346932776e+01,-2.499722719205362864e+01,-3.617419400545067276e+01,-8.130228224043143825e+00,2.502034691669494393e+01,-2.337056464408759382e+01,5.018428673529593098e+00,-2.191242211564103215e+01,-2.972208299294015976e+00,-3.520625705481604939e+01,-2.544354308979525303e+00,2.027618441453337539e+01,-1.002528240980789853e+01,3.841236507480166651e+00,3.042521728041903728e+01,1.244945139938734613e+01,-1.764765446555528072e+01,5.152257411825980071e-01,-6.613659077979378687e+00,6.016709210830695653e+00,1.510463504913083232e-01,3.138828545534056147e+01,9.931985118583446237e+00,1.414970657673779364e+01,4.665574731416089804e+00,-3.007523475155830539e+01,-1.390276807193408359e+01,6.372461539950728060e+00,-2.939986764723868973e+01,3.201127630897868670e+01,-9.586208801859248396e+00,-5.393118805167603114e+00,3.019004152500237836e+01,3.895805681693894229e+01,-2.133953486426067414e+00,-1.270500040574632905e+01,2.124755934783323141e+01,-3.020582939243582032e+01,3.847879790804402944e+01,2.124926793312982198e+01,-3.356909158351644717e-01,-2.234290099485972192e+01,-1.506251968467336866e+01,9.555428618006116537e+00,-3.370075313330368694e+00,2.300023136536447055e+01,-5.673316897201331699e+00,-1.805311921600713987e+01,2.732917425573829995e+00,1.524640667774231950e+01
1.629780273153761527e+01,4.680243906129476272e+00,-2.368489480125581537e+01,-4.153431802197312805e+01,-2.264827828767987228e+01,4.536134526652059407e+01,1.325710283642138609e+00,1.046539211972427097e+01,1.060685582231871038e+00,1.055665366348263356e+00,8.561559743380790621e+00,-2.402488686293835052e+00,-3.266570424848254106e+01,8.136490411201277695e+00,1.042514106690777353e+01,8.995531662727014321e+00,1.869316269362891525e+00,-2.544051948412167974e+01,-2.412527563329753377e+01,-3.156108368122125540e+01,-1.063008166601879978e+01,-2.055711241255624344e+01,4.210259184690900547e+00,2.342664647214200535e+00,-5.972755701758575242e+01,-4.422555260785519415e+00,2.799247912142776329e+01,-1.762898749371155915e+01,7.169942429661826377e-01,3.116223022020771083e+01,-1.308957384862720197e+01,-6.400589214747515854e+00,2.606868858673372102e+01,-1.072453831720276973e+01,3.788229214646539589e+01,3.577130450151149610e+00,-7.366827514701080659e+00,4.851566242048471977e+00,-3.685792043528009287e+01,-4.941420281938161452e+01,-2.326892548985512832e+01,-1.697565527281178532e+01,2.116812512392714396e+00,-6.350280837505003717e+00,1.658609637131713299e+01,-6.961665787408959361e+00,1.946945021447332635e+01,-3.621054074286427227e-01,-5.622523521455601525e+00,-8.782477152795683750e+00,2.058333655425065345e+01,5.829010679815048057e+00,-2.170154319501362394e+00,9.821647557901441061e+00,-6.223450020635362456e+00,4.008642078583655888e+01,-1.544506850936388886e+01,-1.241547596886160676e+00,6.781518190560085202e+00,-4.437435059548424476e+01,-1.535475093233265653e+01,9.358998877548790674e+00,8.980270191862679496e+00,1.740732921341759720e+01,7.805025251181062274e+00,-1.259731683413003900e+01,-1.189860450358272104e+01,1.375179688544863765e+01,2.111456763728252284e+01,-2.069305193312236391e-01,-3.697496968817182506e+01,-8.167546340379438163e+00,-2.461467363971129885e+01,-7.681662811604462071e+00,4.954426649153770512e+00,4.412132536575700925e+00,5.832617743154092871e+00,3.000381770860521158e+00,7.809079463512167862e+00,4.096183880630844598e+00,9.179986692985156793e+00,2.572800265046187462e+01,-1.256297110129056449e+01,-5.063090443685283049e+00,4.236634153923709789e+00,2.973519361499818814e+01,2.720645515085125865e+00,7.314631160184672964e+00,5.622381370278181301e+00,-4.300990908635224486e+01,1.388687271135155044e+01,2.886088069703290060e+01,-7.335818138702193458e+00,-5.052534943267237288e+00,2.424981535965099155e+01,-1.106289361093837798e+01,4.395272811145945013e+01,-3.567522618747000962e+01,-3.104145482345567753e-01,-1.201412329939843460e+01
8.342672133380091282e-02,-1.962476747982951863e+01,-1.161494051479532530e+01,-2.017205824333595743e+01,-1.516088413342404628e+00,-3.045445477681349189e+01,-4.006958135811620281e+01,1.367294538483687205e+01,5.406227266179802982e+00,-1.612948167155593637e+00,6.009516298834890691e+00,5.127964657956360028e+00,2.211950768921222732e+01,2.214094506112003202e+00,-1.608529049412825263e+00,1.062002612990690587e+01,-1.953369342222119798e+01,-5.592293077406193191e+00,2.525500699291278650e+01,1.518484903467231817e+01,5.653476812523534178e+00,-3.576361745512928181e+00,4.648973288357590050e+00,-1.896265753774818208e+01,1.764385359338807291e+01,1.226520839332337687e+01,-1.194847831281566641e+01,-3.992641127193374828e-02,1.325769182238405897e+01,1.144533894998913759e+01,-3.846915480519180619e+01,2.652712940261520558e+01,1.276764804993311841e+01,3.805892405893692931e+00,-1.771578401490717525e+01,-6.163145595170643531e+00,-4.619174703444060448e+00,1.334796095354067624e+01,-1.645945471945699978e+01,-1.760733630259536753e+01,-5.971338842144637837e+00,-2.339731647770213385e+01,1.119300769430824793e+01,3.593923240542439501e+00,-3.700401308190306437e+00,-9.458793525869300112e+00,-1.653139356163240947e+01,3.628545143070017076e+01,-9.102467644429733440e+00,2.650326780299529617e+01,7.884442632523612104e+00,2.600214873784128855e+00,-1.458744905804736547e+01,-2.926449221852702465e+01,6.670980966616821384e+00,-3.330507591720387239e+01,-1.442296405792001579e+01,8.504150817316945776e+00,1.974691448723472575e+01,-5.758519279460295515e+00,1.809093602080792351e+01,-2.229547983732301475e+01,1.872587849550302508e+01,1.874973713390176044e+01,-1.119014421960105032e+01,2.908400768174289297e+01,-2.521114204433698802e+01,1.116924949730270455e+01,1.851616464099282489e+00,2.851341873564804885e+01,2.691668498872303417e+01,1.326483487879032452e+01,-3.805509196628604940e+01,1.052122610778150502e+01,3.282322980217625030e+01,2.365301637151087988e+01,5.134243181495674158e+00,-6.893243673234190183e+00,-3.776675333371241550e+01,-3.542530476145802254e+01,3.040135202995924857e+01,3.153882891302390590e+01,2.886427964858525286e+01,-1.000924591687631482e+00,-6.438590327865630236e+00,7.326705158128487660e+00,-2.328733794313246719e+01,1.292834236447965424e+01,3.109599732476290512e+01,2.564236479542170244e+01,5.785651654368367147e+00,-2.533357231584943037e+01,1.817200463159291957e+01,2.284614118364267199e+01,-1.373606028690367609e+01,-8.975819495885005495e+00,1.145833036307926989e+00,-4.991986036272141547e+00,3.354757508138024491e+01,-2.515290176011700751e+01
-2.325358293305368029e+00,-2.109035696311679331e+01,1.839398995654231683e+01,-1.320747417575734950e+01,-2.676862517504493866e+01,-4.389626002774431868e+01,8.221801007906469394e+00,3.381153472224894152e+00,1.060381712074948624e+01,1.377994633150879977e+01,-1.583982713744829018e+00,1.688575228338357448e+01,-6.491561705516272873e+00,-5.836750038593550016e+00,-1.480547972451178218e+01,-1.471312899057453549e+00,1.093825394687666375e+01,-1.071141454077422850e+01,1.795416867326260046e+01,1.711488725752140638e+01,-4.756627414266022669e+01,-1.121489985420860869e+01,1.191440678347031934e+00,1.181428811305231896e+01,-1.399577588674077688e+01,-5.371626400061414230e+00,8.420013930091416299e+00,4.100700302730293600e+01,4.938907051904518397e+00,-2.376185450389081311e+01,1.298336123185534596e+01,1.362712939520485200e+01,8.785321440396950621e+00,1.936815350532966917e+01,-8.151006525247122880e+00,-3.175850621988002587e+01,-2.000817594170912628e+01,6.013051148043317973e-01,1.836370912670722078e+01,1.790206348404461778e+01,-4.755703152170300285e+01,4.635171257636467423e+00,-3.866644657189036494e+00,1.961418636577724328e+01,1.659045451485725797e+00,-7.317203092240962548e+00,3.780093269651152355e+01,1.573228241598927823e+01,-2.953496633333486665e-01,-1.951521584717220037e+01,-1.053068201177453922e+01,-6.016549761035273391e+00,1.673132397571023233e+01,-1.465702836463928183e+00,-6.826281022591409453e+00,-4.628254629437748235e+00,2.442466537252541769e+01,2.461297755580226898e+00,9.350746743551331619e+00,1.070629916946979066e+01,1.822148307167121217e+01,-2.192285711892921185e+01,1.222835463517081500e+01,1.470106098889484336e+01,3.858063358884553651e+01,1.150426140526624508e+01,-8.354834868586511476e-01,2.963039211572823817e+01,-1.395238495733819306e+01,-1.258529574925557171e+01,-2.280481012117737194e+01,2.371142395637834355e+00,1.246888158424429172e+01,-1.624728417546950632e-01,-3.265582704954772986e+00,-4.164292088200075570e-01,2.876842759116530601e+01,-4.874035127780859789e+00,-2.129109460026028344e+01,-3.499359347988383107e+00,1.641817831148330598e+01,-2.602931882587644630e+00,1.270279218732309090e+01,-8.123576090533872751e-01,4.430208297976594878e+01,9.232079696784838418e+00,6.803852874183938582e+00,4.629737049179988873e+01,-3.861960716799514692e+00,-2.443011616071145475e+00,6.864953476698421042e+00,2.004256231696398061e+01,-9.949723880111045471e-01,-3.801266204156545925e+00,-1.383676267257516024e+01,2.293112301021961130e+01,-2.221349281857230551e+01,-2.958392706139173489e-01,3.476519831196742416e+01,-6.876936168198576338e-01
-3.339305092641509987e+00,2.339418526928120201e+01,6.524672629725545292e+00,-1.233725653418065615e+00,-4.403062389809664801e+00,6.263499032649978204e+00,2.270949525035378258e+01,-6.295124152295613840e+00,-2.820954526526671913e+01,5.476921883479883846e+00,-2.433220956240341692e+01,1.881273892113556911e+01,2.373051646440494267e+01,8.486799929902986150e+00,2.316479251646240201e+01,1.195055653903984272e+01,6.568725702634517383e+00,-8.314391846224203908e-01,-2.014753393973017737e+01,1.047566590691441846e+01,4.214640922965236314e+01,-2.152779535813412792e+01,9.802757424328980562e+00,6.251726273580505477e+01,2.225979137165591837e+01,-4.236093255234953858e+01,1.577952303471873918e+01,3.417778662038980286e+01,-2.158681329939351201e+01,4.922398189128098345e+00,-3.097879656191317110e+00,1.523181199403151709e+01,-1.956462922908495106e+00,-2.579323493255878930e+01,-9.067175791522803507e+00,2.129213341546674343e+01,9.691895150773538248e+00,-1.086330867807633993e+00,-6.809694219673644966e+00,1.790287570436233366e+01,-2.199485973024454921e+01,3.257237944458912438e+01,-5.117622480081445246e+01,-1.829057523199835344e+01,-1.895637041439623971e+01,1.652954769270557378e+01,-1.291950152290505294e+01,2.251147953752550634e+01,-1.935253711303299085e+01,-2.531342509730991708e+01,4.236440864761434888e+00,-1.794673255231234776e+01,5.515565442917346672e+01,-7.424918760708396626e-01,4.669950443790279238e+00,1.232100895706353327e+01,7.332716732292465345e+00,5.500412799201274794e+01,-1.361272899717111429e+01,-3.646901809543797413e+01,5.884977105079297388e+00,2.818036907384696121e+01,1.172615789549123377e+01,1.070874056578198541e+01,5.803365930400670614e+00,-3.310603956859979746e+01,-1.326968205197966100e+01,1.230938064181112956e+01,9.314861886637718413e+00,2.113953068633032828e+01,1.957054257370730355e+00,1.153867026870501356e+01,1.228092740761140078e+01,-8.849994497746347832e+00,-1.157008321662899597e+01,-2.184545272391222426e+01,-1.644847673013669720e+01,-1.826963704113332909e+01,-4.249352892986464525e+01,-4.488813316613946114e+01,-3.947973984680453441e+01,-2.247229082629515773e+01,-1.730162148535617916e+01,-8.743742307018957050e+00,1.400329290750027056e+01,8.747631220038893929e+00,-3.286330074520928513e+00,3.684183830975547913e+00,1.709143764507929575e+01,-1.798715524438319946e+01,-7.747747857490804968e+00,2.084148847107383418e+01,-7.548282957895133816e-01,-3.508127897624169123e+01,-1.115124256972200811e+01,-3.821983055849781863e+01,-6.112479857280656859e+01,2.094303964780297633e+01,-2.173295543094507210e+01,-1.598868956012152864e+01
7.631176868159361248e+00,2.379103738492129594e+01,-1.646465413366338737e+01,-6.330932066277703996e+00,-9.099633082739538636e+00,2.498402327042580851e+01,6.364505320408623490e+00,-2.224271365039748360e+01,2.646008338490048928e+01,5.345700147448791739e+01,-4.239498739915611658e+00,3.523328389661470084e+01,-9.691710167488293948e+00,1.860818337775744169e+01,2.786013452069542318e+00,1.389754042389044875e+00,2.300703027926066824e+01,1.931392531753424180e+01,2.428501283414582090e+01,-3.178616716493119299e+01,-1.380084203239653284e+01,-5.847720024772542935e+00,-2.841682140855364125e+01,-1.103581342814321431e+01,1.337971508105028562e+01,2.368694514867189582e+01,1.987542964965037129e+01,3.112518183258898841e+00,-8.809448303976186168e+00,2.677749611145526387e+01,-2.212108612842073896e+01,-3.024040959347368496e+00,-2.167916663482020390e+00,-2.812099755125208844e+01,1.132707625847983834e+01,-7.881955978912485783e+00,1.223618186606497815e+01,8.689644270239543999e+00,4.688035734640898511e+01,3.264704825648644260e+01,-1.990441681242519678e+01,1.143601404318479453e+00,4.402925155178242278e+01,1.022642561047683607e+01,2.833432799788799628e+01,-2.402206170179689071e+00,2.452368497316158624e+01,-1.846906775712886528e+01,-1.691032245616083785e+01,-1.069250605158821976e+01,3.835637385884721695e+00,-5.956140858711390429e+00,-3.359026970617117769e+01,2.940308196781003147e+01,2.254789308685767324e+00,2.388958838127795303e+00,-2.445767659919432191e+01,-3.344542021412441812e+01,1.566901851628062659e+01,-1.088046290164150776e+01,-2.634604968623430565e+01,-8.074308032992309592e+00,3.158456562616691343e+01,3.647760820065970577e+00,1.137195434411040296e+01,1.107394237211579124e+01,-5.273070978941896136e+00,3.554021656269338081e+00,4.491453227113850311e+00,-2.845875331101512273e+01,-9.433046966117633048e+00,3.756865703281334845e+00,-1.194521275380829373e+01,-2.619573872082382948e+01,5.769425266914902650e-01,1.066828169984137986e+00,9.211209634108055155e+00,2.294545826419923884e+01,1.470737678257582282e+01,9.459057509036261635e+00,1.038063363165214170e+01,-3.550178664631965120e+01,-9.742318002464882554e+00,1.902612511208235446e+01,-9.749009781445856504e-01,2.754966969870062243e+01,-2.462263594740234396e+01,-7.840985976180726347e+00,-2.136887966808745887e+01,8.000405815710158741e-01,1.848217947341934675e+01,-2.673151964830628202e+01,4.147409908199357886e+01,1.546221579241858990e+01,-2.622985712369519273e+00,-3.391130929574730857e+01,-2.358211698866534078e+01,-2.239808705904166075e+01,-1.522048197070319242e-02,-2.469860615940275750e+01
4.523339821569872754e+01,-8.987836391891551813e+00,4.745507904412921363e+01,5.720366458313872471e+00,-1.494030907633796446e+01,-1.306007615647176578e+01,-8.401984081776930680e+00,-1.851158768832041446e+01,1.195955816177947995e+01,-3.772730151544655541e+01,-3.274865946882867807e+00,3.026276050120902394e-01,6.916761271044325809e+00,1.334772370875852943e+01,1.497507664930959592e+01,-2.997138053660779988e+01,1.195204523905906591e+01,-2.496970669423927536e+00,-1.652015977317654460e+01,9.666082750591135309e+00,-3.390464890098782291e+01,-4.654306908276473109e+01,-2.322250824385206158e+01,3.198460280816195223e+01,1.083301340940611723e+01,1.397275189818238594e+01,-8.356578671428222194e+00,-5.736663122139385784e+00,-1.502173091549244965e+01,1.615334852077667094e+01,-4.334723437765814147e+00,-1.092571328155220201e+01,-3.987923504052999135e+01,-1.272057406630381804e+00,-1.160321168030319683e+01,3.551848259952991782e+01,-1.278089165265156169e+01,5.668803854772217932e+00,2.031602269007482864e+00,1.319893189461892291e+01,2.945622193358286012e+00,1.666883347801212878e+01,1.113155797719559814e+01,6.936956257592933994e+00,5.091059067563312368e+01,9.967063886082740964e+00,2.747157184193395807e+01,-3.793391982904233828e+01,2.542890967581621098e+01,-4.476849216215834204e+00,-9.475609933470027224e-01,-9.563150386156976879e+00,-1.236967934763697041e+00,-4.867877559844659885e+01,9.761596312490233629e+00,1.814627056982164532e+01,1.014381506108204434e+01,-3.103362848206259628e+01,1.644409750966621786e+01,-4.437923696445486677e+00,2.747838579673051562e+00,1.415951235806477371e+01,6.064792481015292225e+00,-1.450923980379549150e+01,-6.530607806965897488e+00,-9.645818334158445140e+00,-2.060627099031224674e+01,-5.697355345850914077e+00,-3.706947193147541952e+01,1.504110460087143153e+01,-8.713905778647079714e+00,-1.026615776536988456e+01,1.040163250222711389e+00,4.161388567962377749e+01,-2.293973044959051677e+01,1.077166874578145750e+00,2.058103008313973348e+01,1.619415950083268285e+01,-3.401301391064665225e+00,8.070553023360091061e+00,-9.368877353561388954e-02,-3.931785852456974339e+01,-2.911194833956139050e+01,1.619549977763174553e+01,1.897116903196002369e+01,1.303059028125151997e+01,1.132236759040191920e+01,-4.327613968203786854e+00,-1.489049871446606232e+01,-1.661224917561062142e+01,2.989745328253321333e+01,1.650291499081827951e+01,-2.947451824782821816e+01,-4.686047877686585927e+00,-5.641110444511146405e+00,-2.067304680859184884e+01,4.786858593816977248e+01,3.474292374443182752e+01,1.034561778401392118e+01,4.308222436169195646e+01
-1.680822149898214590e+01,6.076505844784196420e+00,2.460463843401115458e+00,1.413010601997165772e+00,7.876027654934819822e+00,-2.426374449186105409e+01,-1.107835152699564674e+01,-9.944265530495346894e+00,-1.902931531988667757e+01,7.294704094932406235e+00,8.911172581837423223e+00,5.137306512224007804e+00,-1.348821300296910408e+01,1.533334872827618867e+01,7.805353007200347193e+00,2.975380677740522284e-01,3.862594399240764176e+01,7.450844590264757983e+00,7.879339123553323887e+00,-1.680664077863457706e+01,1.407708048158652914e-01,-5.043090021950130009e+00,-3.895741426998132795e+01,-5.024657457306902941e+00,-3.186707426129122922e+01,1.957802289004599672e+01,1.024492563566019498e+01,1.730048395436289965e+01,-1.144509985386650541e+01,1.240134661231966584e+00,-1.419600119305892783e+01,1.553100284247443597e+01,-2.208060505861697820e+01,1.376136305650514480e+01,2.161653626121690053e+01,1.591759820909866008e+00,3.701492936901709108e+00,4.852883478032090636e+00,-4.359428566249596315e+01,7.056653623558812427e+00,3.946967586330391953e+01,6.181718274384312650e+00,-9.733473373437645293e+00,-1.129608303170460459e+01,1.217610988413827044e+01,3.008016679490405920e+01,-5.391226637065770433e+00,-2.034031073275529167e+01,-4.975966513060894769e+00,-5.599295430189673795e+01,2.784474376611847291e+01,2.549986333488712376e+01,-2.984807627433545463e+01,-4.485038014878226953e+00,6.748431373831873969e+00,-7.976531137364260005e-01,-3.792087846684256647e+01,-1.770819496330339149e+01,-7.479206329653522722e-01,1.847214024463410098e+01,-1.819499606531546121e+01,-2.602892975980818235e+01,-4.705266778537202654e+00,2.379001259881851382e+01,-2.530298876274368070e+01,1.924170840761057732e+01,1.786252883640000633e+01,1.472732978306306428e+01,5.601566791609007723e+00,2.620635139607810160e+01,1.857176693600067452e+01,-6.100676035638158190e+00,1.123795276991946857e+01,-1.855412791670601891e+01,3.926545106187873557e+01,-2.533045606294229302e+01,-1.239658611557321066e+01,2.377778385793537197e+01,-1.001266117688598101e+01,-4.298046183738462034e+00,7.380116228300519943e+00,1.710333463046186608e+01,-5.295318580981675183e+00,-1.605626545561665353e+01,-3.222142477860531073e+01,-1.138797457993627749e+00,1.029948539820156128e+01,8.358886312943695884e+00,-2.749615848546066132e+01,-2.630169729424543590e+01,1.753766930028680804e+01,-2.105834841838460925e+00,2.222981621097855509e+01,4.473849140176030303e+00,2.545332786298523331e+01,1.667513452689054176e+01,4.881764566460783605e+00,1.832740364015175061e+01,3.283044533253287511e+01,1.521963085841768404e+01
-8.092520781300226673e+00,-1.148312098029627748e+01,-1.242686619665149905e+01,3.570851756921867626e+00,6.850209498199466118e+00,-1.402756754686783580e+01,-4.842488237075856183e+00,-3.704280236480458122e+00,1.637726805735902857e+01,-1.970234663380000839e+01,-3.380547969028525301e+01,-2.105244128140516935e+01,1.906158854341144071e+00,-1.010222568918295316e-01,7.230624132206569854e+00,3.026629593502064353e+01,1.402436990077474022e+01,3.459809881603068504e+01,-6.702233043500143594e+00,1.508877765376991142e+00,-3.085556602840503970e+01,-1.567504813050260992e+01,3.856784774395087823e+01,-1.115743527998001028e+01,-6.763267141472529831e-01,-2.934519401052038123e+00,9.940664540159394491e+00,1.851103221283389288e+01,-2.138472175854822410e+01,1.464147293583184073e+00,9.887862981513484417e-02,2.596350965705357439e+01,1.158383534037312756e+00,-6.097234032387008895e+00,-9.584308360699824725e-01,1.951821870518229218e+01,3.711634104679708557e+00,2.233779975467420087e+01,-1.885611820644435666e+00,1.169859010935481791e+01,8.012623505527276535e+00,3.183112723201937833e+00,2.971234678218725378e+01,5.614533970654228767e+00,-1.821956860573313008e+01,-3.077792393890909750e+01,-3.748808029131429187e+00,1.077278669945864564e+01,-2.481846690543216027e+01,2.204145688493527189e+01,2.554130355825191856e+01,1.634415823549378999e+01,-2.026883294219945952e+01,-1.042164723158768247e+01,1.667173761740454196e+01,3.642956702463445495e+00,3.201817047097136992e+01,-2.492311363152442993e+01,-2.189455317554945424e+01,-2.192019729225918923e+01,1.905573430942644109e+01,1.158429671221627766e+00,1.604743480246379761e+01,1.331006087635646651e+01,-2.940414706694394198e+01,-1.776749674630329423e+01,5.831230017024444834e+01,-3.065536389852392674e+01,2.454894206899535192e+01,1.770458191581843721e+01,6.625981878632359212e+00,8.822679769214893497e+00,-2.985068989545275286e+01,-7.416429518184195047e+00,3.450808201778466611e+01,6.725862706378518574e+00,9.663287129579741119e+00,-9.225521278767579991e-01,-2.571572185654031628e+01,-3.508945792256939478e-01,-2.110998715821742877e+01,-1.566947523066549763e+01,7.177650317760241983e+00,-2.344627382279761818e+01,1.443298119188448680e+01,7.448895306238038749e+00,3.089907986308862320e+01,-5.209554636853077625e+00,-1.092497985508288849e+01,-2.245027769610718238e+01,3.730382935601925709e+01,-1.218275974350615698e+01,2.380436325279773513e+01,2.317157455711777914e+01,-3.167452636031287128e+00,-1.017967412014667117e+00,-1.360806239946864515e+01,-6.113419184694554076e+01,4.219355033927088883e+00,2.220132049894982806e+00
-1.697741106700965830e+01,-2.192875100467407634e+01,-8.806381177982487429e+00,-1.309967660522144683e+01,1.659831324523779372e+01,-5.825494392745527161e-01,1.473233270700162834e+01,1.273218925165573623e+01,9.459402050367529569e+00,-1.819861985757513878e+01,-8.206501947167709199e-01,-2.494484635013209584e+01,2.006675907359538158e+01,-1.723380469490104971e+01,-2.024884684555772196e+01,1.094722897407930162e+01,9.373866453885170813e+00,2.939875404676022264e+00,-2.451722318745276397e+01,2.475091859775687908e+01,-1.150763918860207191e+01,2.186869801502498767e+00,-1.565877546619071659e+01,8.389131891897537940e+00,-7.914357074942712345e+00,8.621849210608831804e-01,4.976342827589735229e+00,1.890915372605847367e+01,-2.595794998302079648e+01,1.012198321029209858e+01,-3.417778345521530525e+01,9.458664160537470167e+00,2.584732310598474569e+01,8.322323682325446725e+00,3.374318791261635653e+01,1.294923226770346503e+01,-1.654928210287304324e+01,-3.074918703992759816e+01,3.393026342420764951e+00,-2.084285004675648878e+01,-4.011412398615214592e+00,-9.720582494975587906e+00,1.846666463871617836e+01,8.762214490779994591e+00,2.465491307491874551e+01,-5.525866919928125398e+00,2.127841597234236559e+01,2.919954810556098845e+00,-9.733361008243971213e+00,9.576844813445001492e+00,-5.024513207109065904e-01,-2.674295310954147453e+01,-4.832802685643335039e+00,1.211886798554557387e+01,-1.358164200704434954e+01,3.188135074532479507e+01,1.055686432408010589e+01,-1.621067008158917133e+01,-1.855000908906567858e+01,-2.407741057430666132e+01,2.063774843449621699e+01,-2.059058935446429928e+01,1.800721930363059897e+01,2.355056737353408280e+01,-7.149533587743007956e+00,2.990275219278421304e+01,-1.215522075834659610e+01,-2.959300343431847224e+00,1.458078187595279118e+01,-1.664397456946362652e+01,-1.829823933095951816e+01,-2.055688185683291991e+01,7.558225319828714817e+00,-1.503490004221249521e+01,1.595046642259791092e+00,-6.862066295410182981e-01,-1.336683936113703020e+01,-1.100842589441058195e+01,-2.218761150980467534e+01,4.850360771570429819e+01,-5.597465850565212619e+00,-1.575316081102746857e+01,1.102604242274339441e+01,1.479961741254283325e+01,8.850381806889174641e+00,-5.648347175983395196e+00,-4.166862613542123484e+01,-3.425611984544624278e+01,1.996061899883662338e+00,1.405429694946120023e+00,-1.372010306543034019e+01,-3.075528714226376081e+01,-1.353991189044715382e+00,-1.345517642058099028e+01,1.888001411106384353e+01,-4.994529916276725379e-01,1.557432585154234772e+01,1.745955593981707210e+01,-6.553819512663864311e-01,-2.509430108260127312e+01
8.957350343741255827e+00,2.200640912460021070e+01,-8.304834187463868034e+00,-2.599266755562989140e+00,-2.395935773454810302e+01,-2.006544583486802580e+01,-2.523192561836881964e+01,-1.248610917980054502e+01,7.642660733785739069e+00,2.331212744972803730e+00,-3.360636523834774181e+01,1.944040926225464361e+01,1.580572357307169717e+00,3.912143069724438504e+01,-3.014312332994055410e+01,-3.372500787746571405e+01,-2.823152821380892519e+00,2.606036222716301864e+00,1.192111356571291125e+01,3.562763231171899747e+01,-1.157001356165536876e+01,9.108276939113856940e+00,-1.515933176700037599e+01,-9.947519798555850556e+00,1.615694605696556607e+01,-1.979349085334604519e+00,-2.193799373647034656e+01,-6.519039756027072308e+00,4.513741603535465607e+00,2.779433998430020836e+01,-2.793825205235338061e+00,-1.411294375024436931e+01,-4.732628914061395164e+01,1.582664126475950894e+01,1.143875855776478723e+01,2.838933997460338077e+01,-9.800348262151356238e+00,2.114058541935134983e+00,3.326515613226104762e+01,8.274194516819523670e+00,-1.185414865282486963e+00,1.385955732698417364e+01,-1.259244865416729375e+01,3.506444282797174594e+01,-1.350874015053649480e+01,2.704115427369827351e+00,-1.584510512306809282e+01,-6.934083671052015063e+00,-1.545676836452107850e+01,-2.766600902894379432e-01,8.534473452710297892e+00,-2.771539101245831915e+00,-4.532918484771174761e+00,-1.271353609158284570e+01,-1.659023968762071632e+01,1.899674017449596874e+01,7.456912395125154092e+01,1.067268821541788171e+01,4.146574543168594751e+00,-1.218065996964654829e+01,-1.076197187349487905e+01,2.520955038877122689e+01,2.174288315411627792e+01,3.028380211453067972e+01,1.428531417168335693e+01,-8.120803921334706743e+00,1.896215373150636907e+01,1.401902010679720867e+01,1.561275187784454488e+01,-4.351502977407469785e+01,-5.999563417268187315e+00,-3.601531290654157402e+01,2.305969313601110926e+01,-7.706368267270661931e+00,-1.069014523788385418e+01,3.825568214368792752e+01,-2.212806335277702274e+01,-4.622177665213662578e+00,-2.412467280012249660e+01,-1.364802207377460341e+01,-3.269414901913791915e+00,2.438011334417409159e+01,1.842881010594452817e+01,-3.152120465323894116e+00,-1.000487949687624889e+00,5.427444864592112062e+00,3.736996590863046031e+00,8.464216294193107615e+00,-6.748337071006343280e+00,1.952017533497452995e+00,-1.227483958353236559e+01,2.825976533457786211e+00,5.484830180876972605e+00,1.842921992454171942e+01,-1.244281838668606088e+00,-9.454297499326999699e+00,-8.327892274982037435e+00,1.433790775932357420e+01,8.366316505632509504e+00,-4.816828534101456505e+00
8.857056448445391084e+00,8.450233257500114448e+00,-4.358826072434021648e-01,-2.776843683951228670e+01,2.030356515856138744e-01,-9.662853223468566011e-01,2.127144803194750722e+01,4.227976305639827359e+01,6.553456557181752018e+00,3.698232423284857795e+00,1.161660240783981779e+00,2.010089871314243126e+01,-3.495598285230427926e+00,9.782018480307804964e+00,-1.490290094285213662e+01,3.007337536200982697e+01,6.330941843196393748e+00,5.646590042744486837e+00,-3.444925404786147283e+01,2.579792173657994425e+01,-8.339071024819425304e+00,9.611509303845146235e+00,2.287985070492208450e+01,-8.359488480223269402e-01,3.042460156564977325e+01,-2.843598833484564992e+00,-1.393871483376021203e+01,-7.195779648717854471e+00,-2.743990361583992055e+01,4.080951524870297220e+00,-2.598034772701829809e+01,2.878509694124946350e+01,1.589917159777609257e+01,1.972774556752029795e+01,-2.929736453932510543e+01,2.731005073203716904e+01,7.640454027250100921e+00,3.070220655739205995e+00,4.484014181242731922e+01,-2.839146031234311707e+01,-6.295671328679472545e+00,1.315244629510960195e+01,2.088512712720592646e+01,7.763443611548499490e+00,2.648549505808600557e+01,8.443609942035687155e+00,2.732248415904468430e+01,-1.276684319699419667e+01,-8.203206452624066003e+00,-2.189149743078734112e+00,2.478402593642444884e+01,3.409297678341955873e+01,-2.392349436990087952e+01,1.693018544923415636e+00,2.091419598216492304e+01,-3.395179314290312789e+01,1.292051219941976470e+01,-8.263260714524237827e+00,1.679109085442924609e+01,-3.860558579909210142e+00,-1.961848567266421384e+01,3.856297440807045973e+01,-4.862430431988978796e+01,-1.851550048511577629e+01,-8.933887116906554127e+00,3.517294867737989605e+00,1.607208352594617651e+01,-2.733230354412376073e+01,7.732428678060419003e+00,-1.599775237278984363e+01,2.363956060170686513e+01,8.248435928171531373e+00,-2.741502172321012676e+00,-1.474691846377164772e+01,7.169663458986921256e+00,8.564643923071823650e+00,8.901169975390260447e+00,4.457913261806960570e+00,-2.317762372053611131e+01,-7.964934634516176448e-01,2.985755934232426689e+00,-3.038418924556899015e+01,-1.717743757296749152e+01,2.432144793550493489e+01,1.514744627905893637e+01,-1.680235910958174017e+01,-2.315482225954340123e+01,2.429972382986639445e+01,1.864807628731577083e+01,-2.639821769489642378e+01,1.518360001459796216e+01,2.740175258007928960e+01,-1.536940689216560152e+01,2.954557272057790129e+01,2.207167991753128433e+01,6.239644194340747241e+00,-3.983612744347359236e+00,-1.742364264664295703e+01,6.133809656832055701e+00,4.206159025332310897e+00
-1.122591325362441772e+01,2.863682325872583689e+01,4.886420803305928473e+01,2.883354022593375277e+01,-1.927000115394233859e+01,5.110634916791193305e+00,4.712343242476920047e+00,-1.081615824832224426e+01,-2.427520834162498176e+01,-1.329286191968173769e+00,-1.868729515660332297e+01,-4.059200838224012386e+01,1.988040980765496624e+00,1.619158096856595819e+01,1.167568785304153423e+01,1.342746222648264620e+01,-2.400660246258897956e+01,5.991485698279025440e-01,-2.874191778886385151e+01,3.326258138090088323e+01,1.751022537981559779e+01,-1.806826368692720308e+01,4.080628664476474654e+00,1.187057081332307362e+01,-4.233157718075757714e+01,7.820693847814165878e+00,-5.657218317542362485e+00,-1.655361165252408995e+01,6.722641774076996590e+00,-5.770518558639603057e+00,1.831088305163628505e+01,1.494550524431505778e+01,-8.601341787824068774e+00,-2.434990177568014502e+00,1.054471126482961374e+01,-4.089987346701970949e+00,-2.617995132294446492e+01,-9.905524663841196897e+00,1.221016824738838302e+01,1.421184930845746042e+00,-1.271060583873619088e+01,1.741779236347869286e+01,-3.933566533977085555e+01,-2.282098267398697189e+01,-3.816287206732096138e+01,-8.524894036667282293e+00,1.548290561108290220e+01,1.733552766889270558e+01,-1.152324866040425055e+00,2.661452786897606515e+01,-6.995994425652527937e+00,4.104022490175846372e+01,1.882354840415262842e+01,-2.790931186648741047e+01,-1.226471803595294929e+01,-9.173736007200679055e+00,-3.018375091035630930e+01,-3.438528129275123746e+01,-1.776878766617852179e+01,4.888107710171345488e+00,2.008162483793305864e+00,4.346535306697624179e+01,-8.966651571195308534e+00,1.134959332289667344e+01,-1.475503451317100101e+01,2.835525830413644144e+01,1.016878813385783076e+01,-1.912490128278371770e+01,-4.342918279048330987e+01,1.607041739634899002e+01,-7.789647717761536683e+01,4.237214908399635327e+00,2.833747949147786116e+01,-6.123753343281179440e+01,7.338708181937487751e+00,-8.270590901463160449e+00,-1.771019160389272074e+01,-5.699796401718625560e+00,3.981347466979215710e+00,-1.967469621832421112e+01,3.879393458632405256e-01,3.319880595086706876e+01,3.529342661334231579e+00,-6.122119890315454427e+01,-3.040550767165212331e+00,1.930563319724974036e+01,6.641182510306029130e+00,-4.169545683889456456e+00,-1.691813630743251906e+01,1.984813982805967569e+01,2.905865375592978594e+01,7.161672313449244598e+00,4.514265226929948582e+00,3.422957471691240272e+01,-2.651484954057251642e+01,7.730159888167609239e-01,-2.814574278993766043e+01,1.478018504729218208e+01,3.680064096617794434e+00,3.069694579255041234e+01
-5.345600078488851992e+00,7.437456989349910508e+00,-4.511881309952185148e+01,2.374251251331611812e+01,7.906554028533628653e+00,-2.101373807927263471e+01,2.100288225298904621e+01,-2.988022605302645829e+01,1.051701346846457596e+01,5.397098565725686470e-01,1.290173159857109120e+01,9.738591161207937219e+00,4.041845833921291131e+01,1.607992688479333410e+01,5.212828505800311873e+00,1.879700886952104355e+01,-1.140400203093096998e+01,-9.597120746220703325e+00,-5.365246189773450247e+00,5.777698752735749110e+01,1.948607479179708335e+01,2.621354008258347079e+01,-1.931293864710021779e+01,7.974882153770199267e+00,-1.065916144777544439e+01,-1.310076599133696362e+01,7.688303856114549362e+00,-6.411206959627715030e+00,6.577222136238590089e+00,6.300769641349786454e+00,-4.009585953118838475e+00,3.618154214091188869e+00,-2.200086296246546880e+01,-1.852791842986398407e+01,9.235904157413784787e+00,2.306684591475877610e+01,-1.053147018079842745e+01,-6.110892289484875839e+00,1.843665627172272181e+01,1.730877005302649962e+01,2.266653528661337802e+01,2.286358927238461192e+01,-2.131288147938222011e+01,-1.439874062966429591e+01,2.102597437473201492e+00,3.199236530126062661e+01,1.766782318637423543e+01,-2.576272837434684249e+01,-9.355835921348981898e+00,-7.138967112783511482e+00,-8.217202104065189916e-01,-2.646224761528513714e+00,-2.140569890372812090e+00,1.592870827734918748e+01,-2.148959232174945555e+01,-3.067815443185676827e+01,-1.792623721040166984e+01,2.358511744305343782e+01,5.365497327795407223e+00,1.049398880320420169e+01,1.773430898913026077e+00,-4.513166834319187970e+00,-2.762464235125564471e+01,3.873157476389219767e+01,-1.185532157015690657e+01,-1.665170643238975012e+00,-5.045411375044188240e+00,-1.484159653798693590e+01,2.520382392153426920e+01,-3.621654918488536623e+01,6.467321259736691363e-01,2.617745007582791317e+01,3.162864102374793873e+01,-6.838041327929482271e+00,2.237656633731593914e+01,-7.338603131374349609e+00,-2.355275776377397534e+01,3.046287346549890529e+00,-1.389559065225612144e+01,-7.090716770752267806e+00,2.516628177842873271e+01,-2.650391393395968631e+00,-2.383923134910462238e+01,-1.059079342391777345e+01,-3.090790439754145069e+01,1.801695343520781734e+01,-1.931882242227315860e+00,-7.407210289684407201e-01,-9.123430666026280278e+00,-7.873025990144656205e+00,8.703317921131008106e+00,-8.518943709470070402e+00,-1.955533003219292709e+01,-6.659621628529764692e+00,6.825514849887175828e+00,-1.099107162050848174e+01,-7.923639178159364249e+00,6.071868064872512960e+00,-1.478578176307266467e+01,-1.229043529684701985e+00
5.794496670792324444e+00,-3.293188483716873005e+00,3.746232985418129324e+00,3.091325838937590387e+00,-1.269395924331255365e+01,1.454319165390831436e+01,1.383300144096040896e+01,1.794355407046819550e+01,-1.125043375378380972e+01,2.528567334919202736e+01,-8.634564426028722650e+00,5.322788238238320702e+01,2.353292089386275165e+01,3.005320888624549980e+01,-3.375876776005586066e+01,3.617129496568446712e+01,6.043794599906322951e+00,-7.782814049780142795e+00,1.949676117651246265e+00,-5.633363146899394991e+01,-1.102494697263422196e+01,-1.611215075875536584e+00,8.936430582331315264e+00,1.546466321416498424e+01,1.196684250146226347e+01,8.074874540818134605e+00,8.686054823864125751e+00,-3.547903444811288409e+01,2.912369514124436520e+01,3.810632534741917965e+01,-2.667584806929373542e+01,1.000154542447824468e+01,2.314352943877345137e+00,-1.948762666285922052e+01,-1.292122643287464712e+01,-8.330122763227754135e+00,1.860791980383043054e+01,3.480256522105084827e+01,3.953778544832926656e+01,-2.991033629891856549e+01,-2.536282015063737560e+01,-1.842828381841593099e+01,1.326594525557728721e+00,7.890832088257504040e+00,-1.818914565484845092e+00,-2.485791253996237060e+01,1.577922389607303444e+01,1.018732607457458972e+00,1.729129418746119029e+01,-9.779871681806867612e-02,8.870717526300586186e+00,-2.894767033541272383e+01,1.156679845575598975e+01,-1.012534987973825018e+01,3.456101782422696544e+01,-1.982953962707647833e+01,-2.137609808785504129e+01,1.171398819342580211e+01,-1.104338445525483436e+01,-1.709675876850280662e+00,1.844635569607000392e+01,-2.718977471252006239e+01,-1.731991590149610971e+01,3.029123188928278410e+01,2.290253901550083526e+01,1.401339293039170286e+01,-4.704308662264091723e+00,1.561629081693377774e+00,-1.105995260291886595e+01,-1.583396312856720911e+01,-6.362762634935267059e+00,-8.180813147327068435e+00,1.006546007797438946e+01,-1.003796000650625153e+01,5.704702320661716008e+00,-1.254246229630964038e+01,2.302023209773539492e+01,-4.919441694440692459e+00,-1.861065468531376155e+01,-1.021375102752925024e+01,4.995165202845723229e+01,7.844152838498508196e-02,2.291341943860401908e+00,-3.307181290429861420e+00,6.897907239934720991e+00,3.101674832563722894e+00,-5.067036569526393031e+00,7.303745788122077087e+00,1.636367312758977022e+01,4.093432982541473031e+00,-9.689550037221511758e+00,-3.352880529041904367e+01,-1.977928326880837417e+01,4.313156376421944316e+01,3.930745667927128295e+01,1.271897654798789645e+01,1.125772956194021823e+01,1.457364127253510055e+01,1.385328963621489962e+01,5.187917381748316181e+00
2.546108385537764640e+00,-1.725402904566799833e+01,-2.134697272206355123e+01,-1.157641883239654845e+01,2.427737868509443331e+01,-2.475969403893424214e+01,-2.908843405856136144e+01,3.493229133352426174e+01,-8.557615329074639732e+00,-3.683127662720001183e+01,4.062251762231091412e+00,-2.904686651764035688e+01,9.662610198528046368e+00,-1.575517519876884265e+00,-7.856076019392963516e+00,2.422165509586208643e+01,7.296724455863870418e+00,1.467184979091755892e+01,-1.048555485221329242e+01,5.315458143740598551e+00,-7.436821596163937009e+00,-1.293446839650718871e+01,3.593283876323231141e+01,6.562206088036601770e+00,-1.442954507687189825e+01,-2.544369598781539565e+01,-9.537864591172489526e+00,8.769211818647795198e+00,1.384823234892730959e+01,2.954411100128322332e+01,-2.129043542135446287e+01,1.299404488739786601e+01,-2.457522369834938303e+01,2.481653798171161540e+01,-3.157557871723168574e+01,-9.087890258550279654e+00,1.621213753321726614e+01,-1.165685696967323182e+01,-3.968175160352934938e+00,9.273472267329975205e-01,1.989324606242279003e+01,-4.831751049207835713e+00,1.292895825182742442e+01,-1.667819714678470788e+01,-2.101557612167793820e+01,-1.731342465138951425e+01,-7.058756693353555711e+00,9.017741325583250145e+00,-1.321266853822308640e+01,3.664553293940387135e+01,1.697753076717720688e+01,3.245637853042077836e+01,-1.813775207983562732e+00,5.899865550378352808e+00,1.178556095550300320e+01,1.239824231508422514e+01,-1.677612317529884933e+01,-1.308289866192340689e+01,-3.660518735562335024e+01,-4.689045587198775955e+00,-5.102131975623670712e+01,-3.094007802856051370e+01,2.867954632799130099e+00,1.035193908611735303e+01,-7.150645577717904544e-01,2.284016886300459248e+01,-2.826555644353612351e+01,3.960582670365454305e+00,3.402687487077027395e+00,-3.795987710539648674e+01,3.395183422653430227e+01,6.690009092760584863e+00,-3.362534747769655041e+01,2.351474070244491799e+01,5.074721736062473454e+00,8.532151025419922874e+00,-1.052151320131807033e+01,1.241045034277077974e+01,4.564103962255002145e+00,2.284579551448544521e+01,6.520504956463718749e+00,-3.572538746056860504e+01,-4.315014460070980817e+01,4.308247337650563225e+01,7.880669117272937285e+00,-6.000348231496953844e+00,-7.487262873709907840e-01,1.896786042652784587e+01,-1.588892650709621179e+01,-2.755428956824722420e+01,-1.238467757780340683e+00,-4.568538806853725376e+00,2.123053006833849921e+01,3.320027101818006976e+00,-6.154346345050555556e+00,8.522466190630964888e+00,-7.943799725371929910e+00,8.287516107072191218e+00,-3.622104138144114671e+01,-3.018371291859403982e+01
