5.506262085737152923e+00,4.131518441133043495e+01,-3.328837402923286959e+01,2.194948221498908558e-01,1.182743126688304258e+01,5.499258394026361962e+00,-1.204953869226747720e+01,-1.111041046539462229e+01,1.269039128904945812e+01,5.611494730910326911e-01,-2.421394282303590728e+01,3.560380175739605413e+00,-3.122501603682643623e+00,1.543001334913971334e+01,-3.395399916981091337e+01,-1.804426294229536154e+00,-1.446818641769899116e+01,1.301276068400337493e+01,-3.567837221572139228e+00,2.435632622008380466e+01,-2.312075624819876296e+01,2.327804066600118915e+01,-4.662999957165917309e+00,1.304811616903336535e+01,2.688513206962920510e+00,-2.705995137234182124e+01,2.325903408591099009e+01,8.999697844610761166e-01,-3.096116167173888378e+00,3.201298882529111101e+00,5.389173420344331333e+00,3.478017083087537031e+01,-1.902446627414806102e+01,4.717241979297038768e+01,4.025656263292401782e+00,-3.598714949025298182e+01,-9.984046025745746178e+00,-9.936502399330867874e+00,-5.778341993654652953e+00,-2.804484847883998810e+01,1.759381455132956162e+01,1.219752192056793483e+01,-1.106886641755905032e+01,4.864424684838382973e+01,2.336087118731064649e+01,-5.753163776823981834e+00,-4.667869669070396910e-01,-2.437525867825497272e+01,-4.549179829023206167e+00,-2.143759124752639877e+01,-7.500128688888729300e+00,1.337862094902900267e+01,1.538248167170399405e+01,2.585095172483140757e+01,2.329173407235496640e+01,9.272448243647097854e+00,8.874756204176370566e-01,-2.511722904340346929e+01,-1.838445288346602524e+01,1.831502929510629585e+01,2.413846004077287688e+01,1.273991105244788713e+01,-5.201541360769088129e+00,1.471668913184367256e+01,1.608310153977217638e+01,9.563819708740842529e+00,1.293895838018516109e+01,1.137905518475165856e+00,1.583599288706953878e+01,-1.590512208863087196e+00,-3.099788889839024719e+01,4.947919792875755896e+00,-2.059960430137459664e+00,-3.934141398903605591e+01,-7.679810857477722408e+00,-2.874843535746312995e+01,-2.176823822496761096e+01,2.004178449418449048e+01,9.984240561816553949e+00,-3.013768268727448785e+01,2.126461750784501348e+01,-9.596613004836820338e+00,-3.207475713449207433e+01,4.589411766623843647e+00,-1.293187744052086430e+01,4.200305950943183042e+00,-2.436324788462398416e+00,1.848349404138486918e+01,-9.822459133455424762e+00,-2.871284592100210364e+00,-1.223230983509813186e+01,-5.908101266135794560e+00,2.245622827783701680e+01,-4.772168780792282128e+00,6.632563655926253432e+01,4.793913052341869374e+00,1.218619381035537685e+01,9.006745878869645949e+00,1.835638157586357622e+01,5.399818420642468197e+00
1.046635278312698603e+01,2.198875540465734346e+01,1.843557177912322231e+01,4.585725593138721479e+01,-1.376239447731425258e+01,1.633666176699887274e+01,8.636038683546129135e+00,-4.277775636620130939e+00,1.543930622666301744e+01,8.078745579062655224e+00,-1.084786675883064078e+01,1.438634885440227551e-01,1.942354457366743148e+01,-2.106392364145104779e+00,-4.197595706307393204e-01,1.346575889464107689e+01,3.070632385757689775e+01,-2.766217247870236662e+01,-1.099619713057606774e+01,8.917792741080191377e+00,1.780421899260809937e+01,-7.583572214173017301e+00,-2.692927160147339549e+01,-1.367383570677286286e+01,2.380827032283421119e+01,-1.473455763705389288e+01,1.606698626136571217e+00,2.009688124810617893e+01,-1.007568361921741484e+01,-8.100056624893044344e+00,-9.012167574554069915e+00,2.153933558501811163e+01,-4.823982062342540900e+01,-5.842602223099373049e+00,2.641446041709767556e+01,-1.839062506312035339e+01,1.142557924974126848e+01,4.696544243964431153e-01,-2.734185501725528056e+01,-1.018200422068853861e+01,1.905742885049733815e+01,-2.690344385401452953e+01,-1.289758960392449794e+01,1.313359027049452799e+01,5.221806253651642749e+00,-9.615751171646582662e+00,-2.369317805092263640e-02,-2.620678100927978704e+01,1.295283531875109517e+01,-1.345676100095026229e+01,-4.667840050657956930e+00,-4.057251199613133963e+00,4.429736186811545018e+00,-1.647009371268511302e+01,-2.364699072736285501e+01,3.495439992744384483e+01,5.007075751756547177e+00,-3.076779740803300811e+01,-1.879294451797367316e+01,-4.383185130416286768e+01,6.476548994531051484e+00,3.536196126874043699e+01,1.419935156749109240e+01,-3.415396752019067605e+01,5.881841347870285119e+00,1.594332495596959021e+01,5.862003621350130977e+00,3.744110864558143703e+01,-1.978857057482397153e+01,-9.379222864756282974e+00,-7.688069559026966537e-01,1.675274526272985565e+00,-6.373319281428209138e+00,-2.796912339004006043e+00,7.472960625816923219e+00,3.619604590167913472e+01,-1.041076523291060418e+01,-2.394610927881175755e+01,1.683512873008477584e+01,3.433942941451860520e+00,-8.293524191648261379e+00,3.856097617017863399e+01,2.535574628989632373e+00,-1.143741889028912162e+01,-2.213215201642587004e+01,-2.913118577414467669e+00,1.061461417550213859e+01,-1.149935383531439470e+01,2.670221297987591313e+01,1.153934974108617784e+00,-1.958404270273412706e+01,4.652143929459887772e+01,-3.033297059407382079e+01,2.628143572989619514e+01,-2.115524422689241746e+01,-1.664533761509686727e+01,-1.786203419461956443e+01,1.645498276103138835e+01,-3.286490794435201934e+01,-1.304633333669307227e+01
-5.617747364844405844e+00,-4.195323717480611947e+01,-2.457577428321608970e-01,-1.801506270188721359e+01,2.195708780843803254e+01,-2.605570899164999510e-02,2.200472391506877656e+01,4.581539352420029410e+00,7.552731082178982369e+00,-4.231471752416723575e+01,-6.037444685665834809e-01,-2.230474238605753357e+01,-2.822321401103548055e+01,-4.197217999038257985e-01,-4.075802558997882841e+01,-2.122260471089943934e+01,-1.736747911979298209e+01,3.658243853214312669e+00,1.784260796523373571e+01,1.992915373465772078e+01,1.594437627320590423e+01,1.942843757430524576e+01,-2.086592798998458420e+01,1.653663699043367075e+01,-1.091870947607151976e+00,1.157971717194180350e+01,-1.144461935084755844e+01,-1.612389553622071503e+01,8.023370076197245737e+00,1.702635732839629767e+01,-1.823351981418838363e+01,-5.796556061035900598e+00,1.363463833634550149e+01,-3.040959688906361702e-01,2.572780135085807274e+01,-1.790861729574657701e+01,2.162177062293790808e-02,1.168597789789449592e+01,6.555944668663298103e+01,1.235076539174782972e+01,9.963618395045552134e+00,5.073100538858550390e-01,-7.561687169537009368e+00,-4.047913354312896672e+00,4.413871542484260857e+01,-1.469435719791465544e+01,-1.298078539332608905e+01,2.721088421673160695e+01,1.570704245850724234e+01,1.625449820009808377e+01,-3.171603999068364033e+01,-1.630204302966127727e+00,-2.399174124681435316e+00,8.169277931501845558e+00,-7.347682142357895074e+00,3.120637431962508046e+01,-3.187821521868492880e+01,-3.546141337727487297e+00,-7.805520738076898724e+00,1.364006875073162384e+01,-2.757168837821532037e+01,7.304404155079208261e-01,-2.137451112005249954e+00,2.129397048184448238e+01,1.414392667110605650e+01,-2.001965233850499359e+01,-3.336635741538307087e+01,1.409673066897519789e+01,-2.267922242793019194e+01,-1.219377627409339482e+01,-9.448641887727600164e+00,1.888855470974785078e+01,1.760950705718919451e+01,-1.180142744471443272e+01,-3.449965474972825064e+01,2.779466083717263203e+01,-9.194904165764627990e+00,2.027413902529520584e+01,2.814382117007378881e+01,-1.298960354785163673e+01,-3.063072881529130242e+01,2.567546014463086834e+01,-1.740811551154360970e+01,1.231559979481863110e+01,-3.609169167284693458e+01,-1.391410072933017972e+01,1.567559114010732557e+01,2.443461750866363147e+01,-3.596150104437457173e+01,2.207042166339374667e+00,-3.085158190261485700e+01,3.089727332961998840e+01,-4.619588100556335064e+00,8.323669857237245395e+00,3.452376509445562647e+01,-6.784542659770384176e+00,4.349261691703688371e+00,4.821861584688885927e+00,9.614310017788692875e+00,1.244209866822914634e+01
2.127516214047296472e+01,-2.600140844086866920e+01,9.578762061407818607e+00,-7.969332387417636276e+00,-3.122833319906956007e+01,4.812790976390362019e+00,7.672718808872869722e+00,2.125450540015174994e+01,3.450142986771002995e+01,-3.394294690528327152e+01,3.821830293421897551e+01,-1.402809906746302104e+01,7.239665786255997659e-01,3.597463312615872866e+01,-1.371236878556170602e+01,1.857070014192771623e+01,3.267684607558477694e+01,-8.593795944919131458e+00,-9.527494033760881109e+00,1.649192075533258617e+01,-2.653981458220798562e+00,-3.435107078217698984e+01,1.715311062039993395e+00,2.366762097499623962e+00,-1.680254824242731004e+01,1.444123853091815235e+00,-2.462032722601383838e+00,7.861604626330390033e+00,2.526662978316285724e+00,-3.009811136364015649e+00,3.159004898575042297e+00,5.932896525712219926e+01,2.611582231760842987e+01,-1.096723728074269211e+01,-6.215212306538444409e+01,7.483878596780197512e+00,1.095674630076024947e+01,2.106396791348618791e+01,1.113151784446900194e+01,-1.222444804622658410e+01,1.387930662277572003e+00,1.469788137911600856e+01,-2.386106275817591182e+01,-1.961972647270302872e+01,3.796822514004922766e+00,-3.454831389647272655e+00,-1.593140769449117045e+01,-8.365182092921056523e+00,-7.543139186177612032e-01,-1.004131635022677926e+01,-1.784152250721907507e+01,7.878452821037400522e-01,6.551583541040017167e+00,-3.121003280849708617e+01,1.709612773072078085e+01,-1.077483276906271925e+01,4.442943196774606918e+00,-2.636502523122171038e+00,1.518151658279319172e+01,9.793340173789385261e+00,-1.819472450261913821e+01,2.216743675493606069e+00,2.873979971129855571e+01,1.124776050901001057e+01,6.938654791125197008e+00,2.216744509206496971e+01,4.833590096118170720e+01,1.550675971862694702e+01,8.699138530883796516e-01,1.468867121247956931e+01,1.322324921042816648e+01,-1.270449826305661745e+01,8.170700164410275690e+00,3.559467095286269256e+01,-2.997415448192003451e-01,-1.691967106700112922e+01,-3.232740949681100062e+01,4.020946918166971251e+00,3.912898253781128766e+00,4.014445186753246730e+01,-8.756064088577828031e+00,2.183558519814679499e+01,1.284372880959494267e+01,-3.424048426532861455e+00,2.330847688574996468e+00,-2.794041775390318705e+01,-2.922421860525919968e+01,-1.202983935296701823e+01,1.899850731647879698e+01,2.292765615083020236e+01,9.662116582127108444e+00,1.495272344662235131e+00,1.326600961845001336e+01,1.454970351091076353e+01,-6.442015206900712165e+00,3.652420857036833723e+01,3.024137802350041682e+01,3.723264599722753587e+01,1.611823035286818362e+00,-2.261021901063355877e+00
4.382683507716882865e+00,1.763446751099651655e+00,3.957691576108771159e+01,1.058640427162505393e+00,-6.282439927662516688e+00,-7.047423572413293869e-01,-2.964145682996846887e+01,1.470802673305533936e+01,-5.206303497914040790e+00,3.343483437168782757e+01,-2.203126008198603358e+01,4.191984505998682664e+00,3.392744116130722887e+01,8.744587292250168176e+00,-1.857020873147510187e+01,3.575259073384136599e+01,5.400041362106307474e+00,-1.583743218837511080e+01,-2.097842880158046341e+01,-1.817809752401050716e+01,-2.691323934143557040e+01,4.052040664004650239e+00,-2.800107872811238074e+00,3.088564842228349860e+01,-3.091958311102115431e+01,-3.294383076589436632e-01,-1.756509486016876398e+00,-2.518512067416099853e+01,-1.208149812992512118e+01,-3.585441982947081385e+00,-3.554838875971963574e+01,4.824366006370635773e+01,6.754405609769627894e+00,1.252582974093820667e+01,2.907143016121691659e+01,-1.350358850466460048e+01,-3.391759429087772837e+00,-1.238238926516989302e+01,-1.318300921335125331e+01,3.700527841966955833e+01,-2.062127048459753809e+01,2.646426904241928924e+01,-2.855451077698230833e+01,2.611139063034868713e+01,7.388531199745769662e+00,1.864965508173791164e+01,-1.688241105962937283e+01,2.683323340295692816e+01,-2.641768209906167897e+01,-6.921526932464884929e+00,2.969816080302917438e+00,1.323946714299514404e+01,-3.382359719657541675e+00,5.620241778436060542e+00,-1.266247515800709822e+00,3.425163895874126396e+00,-1.562311340921096026e+00,-5.513018742236461378e+00,6.492549917264948789e+00,-3.808488244122550270e+00,-5.064751696006098314e+00,1.919171185858373718e+01,-3.740231587984993666e+00,1.770397379779956637e+01,7.782706716475945363e+00,-5.927833953624086050e+00,5.298876308639103883e+01,1.072301795613808473e+01,9.587561002186523851e+00,-2.421430647033123940e+00,1.247294990265576686e+01,8.645981207301890237e+00,4.611242891425290646e-01,-1.494487460947903656e+01,1.931637121281770320e+01,3.202810263538814262e+00,1.881307533024375900e+01,1.207036480789993860e+01,2.176472650030472167e+01,-2.125723653359493781e+01,1.912070974579536653e+01,-2.739071944752766896e+01,-9.219687825418935390e+00,1.469816698192691717e+01,-3.242727734723686694e+01,-6.650690865533766427e+00,1.488802347465481901e+00,2.472476947494360866e-01,1.150083426171163836e+01,-8.906392935876365158e+00,-1.204689730886213184e+01,2.222132722299242857e+01,1.037044987444514454e+01,2.990008602717076513e+01,3.295824871190175287e+01,2.565992201001833450e+01,3.877093486903703479e+01,7.651172465191995897e+00,1.397867114219242168e+01,1.396848141039449231e+01
-2.783213451954867690e+00,2.036650516946581746e+01,-1.462459374243080568e+01,1.547289225150846725e+01,3.804127416811383111e-01,-2.438487444949721095e+01,9.332816989574977740e+00,1.069881033151434657e+01,-7.046261020735784975e+00,-1.016339890007385804e+01,-1.671872161539502599e+01,1.931903767520624626e+01,-2.221984033077039555e+01,1.412862737917404310e+01,-2.240134635966982302e+01,1.514838842780507200e+01,-3.175631565614649077e+01,1.861836504951455140e+01,2.038719313078903639e+00,-7.165050054654709122e-02,2.499742944229859631e+01,-1.357553820258372212e+01,3.371276088145835104e+01,3.774203437331289734e+01,1.687281182262226764e+01,-1.635954571357237697e+01,1.388782336831178910e+01,2.140785133674904372e+01,7.940742070378600914e+00,3.035182422620750486e+01,1.247140382479745746e+01,3.097507278126006369e+01,-7.081038843621774603e+00,2.158227051990202838e+01,3.860288521534445749e+01,6.880459074639200701e+00,-1.792293511323563848e+01,1.425758362310165595e+01,-2.232867348975392474e+01,-9.489537425461264775e+00,2.218727686420357870e+01,-8.695919101876985025e+00,7.738363932225352571e+00,2.024911110035334527e-01,2.064341559271054116e+00,-2.842894195233124588e+00,2.565910036498016922e+01,2.346225878046762148e+01,-3.675901858248315079e+01,1.132227435477776112e+01,1.035200384208499003e+01,1.408509557046356342e+01,-5.715608157806268075e+00,8.930542479275658252e+00,2.389016234120296645e+01,-4.236692012360677495e+01,6.696063045708995354e-01,2.312737739172303719e+01,2.748106825201985970e+01,2.589107879757770547e+01,-1.753404928135616103e+01,1.136871301696028347e+00,-8.273363212411846135e+00,3.249867117380782133e+01,-1.841494412019414639e+01,-1.646907466956104571e+01,-2.031191935481731292e+01,-1.479650475644278629e+01,1.780789702865982349e+01,-5.564926141621148403e+00,-8.846248286610798317e+00,-6.613655483224393450e+00,1.991171803459491230e+01,2.644695848147696182e+01,-1.125002028308560753e+01,2.967424577901307092e+00,2.025617980249308658e+01,-1.947801083604472350e+00,2.578052099315942414e+01,-6.474075402029697557e-01,-1.280913026170571278e+01,6.814032928165725256e-01,-2.703934072145636947e+01,2.358487968333868068e+01,-1.725592121614170438e+01,-1.083741178362200941e+01,1.057319033330407976e+01,-3.436606292594372292e+01,-1.304941448134421300e+01,-6.183864987733246110e+00,-1.530102264023060954e+01,1.023016265488466559e+01,-1.773859015121701788e+01,-1.892421305496302608e+01,3.810336309405336852e+00,-2.045976277650236241e+01,-3.637376162540761015e+01,-1.070031111164791682e+01,1.686586046416874041e+01,-4.555992920305573080e+01
-1.573844149272236947e+01,3.681536513620681461e+01,-3.218232153441643817e+01,-1.517809097886626901e+01,2.382133928155316482e+01,1.492160887689388282e+01,3.278900833543202253e+01,-3.290215809906337086e+01,-6.614834079589620330e+00,-2.147192279670380088e+01,2.086055311810054214e+00,-2.255065923679066131e+01,-3.509663435014138244e+00,-1.616820088575089542e+01,-5.001153024957662296e+01,-2.082976166634875881e+01,8.725260037247174694e+00,3.054062170115024699e+01,3.876244203581529213e+00,-3.402185191074890014e+01,-1.739937793189207937e+01,-4.665918777560492714e+01,5.584383251357700750e-01,1.959809020486095221e+01,-3.338382230138834394e+00,-1.418387431424922340e+01,-2.056753903269258554e+00,4.823790797078566328e+01,8.545795523939260008e+00,2.012364948418635890e+01,2.126844818563696649e+01,2.935103075172523646e+01,8.961924026235948304e+00,4.559602781079934886e+00,-7.562388354724784989e-01,-6.730847458616920242e+00,-2.355823098076826660e+00,1.823240971045310843e+01,-8.835612110702895095e+00,-2.034145661613456468e+01,-3.100904083402629041e+01,3.162650987274811243e+01,-2.372137698764848324e+01,6.768835571837890086e+00,6.458293914472873709e+00,3.450377122126817575e-01,6.697766797309952835e+00,-6.987908287275488739e+00,2.383317183808631512e+01,1.864045044624550229e+01,1.646014080849310801e+01,-3.962318013926842752e+01,8.848711331261048585e+00,1.710151558847049280e+00,-5.314883722534288069e+01,8.942209119212254365e+00,-1.229014940053503224e+01,1.149791246221915308e+01,7.854152599984626448e+00,2.860293068057560717e+01,3.999550122013198816e+00,8.814659810044601640e-01,-2.017063133315059176e+01,-2.460770639122386072e+01,5.584241625645665508e+00,5.034122785344858908e-01,-3.252249007534935732e+00,2.050577709546313088e+01,-2.335824084748107055e+01,4.411383556756108604e+00,-3.548578875835663382e+01,1.339303872356510716e+01,2.287558284180638424e+01,-5.443056065383931497e+00,-7.311401317653026810e-01,-1.978149469536889171e+01,-5.084551116166991847e+00,-1.670791642722196002e+01,9.831122375807561653e+00,2.457633726183203748e+00,1.146384070640690389e+01,3.427265223172122433e+01,-1.996933356505806145e+01,2.458868805052467010e+01,1.021600357173970153e+01,1.057600564512223507e+01,-1.415694791945329323e+00,-1.051040039501921797e+01,-4.896395036749805918e+00,-6.040996031923095977e-01,3.582239319445671200e+00,-1.555902286493107312e+01,-7.103469282617257186e+00,-3.889880289303643046e+00,1.991672203251937745e+01,-2.076031761675274723e+01,-1.110158655391795968e+01,-9.375106638031962092e+00,-9.952260641888507564e+00,-1.237529008296447852e+00
-1.355525101044295511e+01,-1.019953031317510295e+01,-2.095264280343891894e+00,-3.773989386694649451e-01,4.341504046460200783e+01,2.122631702133547194e+01,1.600125788669259208e+01,5.430340088112383334e+00,-1.739234414670768558e+01,3.921615030184911177e+01,7.739837441480045932e+00,5.916381913118149427e+00,5.594466091657691820e+00,2.479702805766516605e+01,2.219709474844619557e+00,-2.579673951358659778e+01,-1.736870985374159204e+01,-1.790912747092803059e+01,-6.253024282054012062e+00,-2.093468753619893619e+01,-3.100288581454813119e+00,1.439517595895256186e+01,3.314606966668307564e-01,3.345173569558014037e+00,3.422713737635186959e+01,-2.413158793912762690e+01,-1.775840785368392005e+01,9.257162009103335976e+00,2.049012234056632131e+00,1.189598639196239915e+01,-5.150607217664211035e+00,-1.307178079481882449e+01,5.414066271401714481e+00,4.037476303254594256e+01,-5.567653545397618586e+00,1.720492094767739033e+01,1.922498335197998998e+01,1.013539089253455217e+01,8.178310450341774285e+00,-8.207013684285593413e+00,-5.010392356514391565e+01,3.750368386711292690e+00,-5.984254637228969997e+00,4.481623932101903129e+00,-3.501404997452439716e-05,5.872447343196387060e+00,-1.137262924215406557e+01,-3.733863823019285100e+00,9.494687712801130886e+00,9.551823034298179138e+00,-4.323088568093416484e+01,3.750098452679968375e+01,3.843763002245497162e+00,-8.801046207543507194e+00,-2.471988708443402416e+01,1.460986982520052280e+01,4.248123063761692464e+00,-7.945554065898143836e-01,-8.949003085539304791e+00,-1.628624593033327983e+01,1.996447958970417247e+01,-3.090463779858245985e+01,5.081335896774449523e+00,-7.896352579143082195e+00,3.173185440109983091e+01,3.898887598957880840e+01,-2.222471675543178549e+01,1.033425863624047913e+01,-1.096604930482953044e+01,7.964318022466979841e+00,-6.507975192846258139e+00,-1.504513494769415161e+01,1.131974861438336477e+00,2.481268522972154500e+01,1.323892173234849201e+00,-2.472727083692302230e+01,4.050508592046758949e+00,-1.287218295335578411e+01,-1.741375428219794586e+01,5.586988188821422341e+00,2.340926411395300377e+01,6.900731145115369003e+00,-4.847884925254747124e+00,-7.008095633892299503e-01,-2.090532880941746185e+01,-1.171214933103555111e+01,4.418105745859118194e+00,1.146537920671829980e+01,1.543751554439259621e+01,2.234487864454008843e+01,-8.512687666892713167e+00,2.574083582819593374e+01,9.835258239036679839e+00,-1.208563017761306568e+01,2.665755694795365827e+01,2.160163241558826641e+01,-9.432188312598148272e+00,-9.437897297958530274e+00,-1.020248027657816969e+01,1.777573606384973814e+01
-4.067111460235150133e+01,-3.862677401179675485e+01,-3.961652073838585864e+00,-2.984001266748850156e+01,3.099886521539111151e+00,-2.578325885069454770e+01,6.345718939528996572e+00,-3.785781908288913655e+01,-1.946176136655988209e+00,-5.429558807618674265e+00,-3.419137965149075598e+01,5.283373291235682334e-03,2.552644370926380191e+01,7.105150749408042365e-01,-1.104275864571114596e+01,1.231896289741325745e+01,-9.280256087045668068e+00,1.502722665243420685e+01,-2.227001022245402240e+01,-2.091250203672874619e+00,1.076626747223368774e+01,4.028876291483813432e+00,9.598779642914916366e+00,7.578571531251311555e+00,5.426258442947249350e+00,-2.066413661411164338e+00,8.243614114128694936e+00,6.839588630696457727e+00,5.549030081981801032e+00,3.688053668074173341e+00,1.035370026809349930e+01,-3.191396611910127135e+00,-4.337944775671711106e+00,8.122987842700592154e+00,4.887254936705012653e+00,-4.720410359861897831e+00,-2.336424237491841538e+01,-1.835007880685037307e+01,-1.124180842909592215e+01,2.013395608306477769e+01,8.086592437541595402e-02,-2.004334098941672693e+01,2.481500141725093656e+01,9.351763698487260967e+00,3.291003575988201035e+00,-2.279761347803400895e+01,-1.968980005763338426e+01,1.265250327743071779e+01,7.013251883032426193e+00,-1.195379315680826693e+01,4.017527795958486081e+01,-9.739966541955329404e+00,3.136012074385257264e+01,-1.244046682047305552e+01,-1.056071360054300712e+01,4.999495073947572621e+01,4.503833179137981979e+00,5.903959483031385069e+00,-1.900611725663645046e+01,6.077469559453160919e+00,5.028322803498529225e+01,-8.151714722716587147e+00,-1.269495643437308452e+01,4.766369208110566547e+01,-5.538986080859848116e+00,4.207516217755872923e+00,1.254333139335036407e+01,-2.778428556706085573e+00,1.557366391529139094e+01,-4.046143840247513168e+01,1.790692170898728719e+01,-3.986448797577098802e+00,-1.952482689396383009e+01,3.256541726691810368e+01,-2.543345253566613806e+01,1.019067158103889525e+01,3.893409233955289750e+01,2.830019204644101194e+01,-1.655197492361905276e+01,3.039282929739686168e+00,1.728347038539540748e+01,1.493881788132630284e+01,-9.564509776812967212e-01,1.435072435922793943e+01,1.237589764269704062e+01,-2.162734289858884829e+00,-2.312072088264173431e+01,9.944221392913338065e+00,-2.847823260803001943e+01,3.847468561213781157e+01,1.102333000773390204e+01,-2.495447748520048847e+01,-5.883299981938237266e+01,4.074288634011156063e+01,-1.334618876842829494e+01,2.061686663183774471e+01,-9.475265393529859193e-01,4.305664480512058745e+00,3.173673218571322963e+01,1.204847419822094778e+01
-1.925420508545406051e+01,-2.102246719858160517e+01,2.069382973045803809e+01,-1.610530220229417964e+01,4.700460498814851285e+00,1.750970819212522400e+01,1.669369003902949089e+01,-1.785497389418850389e+00,-4.137762423886661267e+00,3.032688636363144674e+00,-2.920632229846066075e+00,2.749181240473755672e+00,9.301932178712122301e-01,-6.847974367957823993e+00,-2.057294172953423228e+01,-1.431422494243276589e+01,5.441277139255872086e+00,4.624493214624394000e+00,2.323750111286640418e+01,7.011696698059459720e-01,1.598823100166355360e+01,1.192112272062408440e+00,-2.109555078326575739e+01,-4.292428656297870759e+01,-3.370896376904886438e+01,-6.130206673177075238e+00,-1.387081793400177965e+01,1.135557231728681771e+01,1.093154782438982586e+01,-3.146978200632042544e+01,6.222883929982697460e+00,-1.226426959479966605e+01,-3.305658966355240924e+00,7.189256482758962008e+00,-1.431979955031152940e+01,5.311310520145035952e+01,-1.127077549897873432e+01,-1.172654677798012912e+01,-1.485982419306652424e+01,1.534002461751256341e+01,-3.988382967551610037e+00,1.137640898838581194e+01,7.118552287981103177e+00,1.212733289138875392e+01,-7.874345634632824442e+00,3.233233698514528243e+01,1.344099491423492765e+01,-4.092655020997477244e+00,-1.979289020033709789e+01,-2.739739112023449152e+01,-1.652046991658702169e+01,6.644736968102800123e-01,3.101480278877131180e+00,1.421937564980565893e+00,-1.981771859453521500e+01,3.897866987965343810e+00,-7.131184086983052950e+00,1.959074008508255815e+01,2.516202499953734062e+01,-2.383503559829284768e+01,-2.803603849733151687e+00,1.822842435538260730e+01,-1.158168167908946167e+01,8.184543191492171132e+00,8.429247162436350749e+00,-3.129703762720334481e+01,-2.063709729049093333e+00,-2.350736341314068056e+01,-1.911347911262506827e+01,-2.505239796907796546e+01,-1.843759644715468582e+01,-6.592844225136750502e+00,2.967191895466882112e+00,-1.783429595855002248e+01,9.519886063265227349e+00,-2.433978489794709432e+00,1.899455721751496995e+01,1.739686162287846116e+00,1.816063649336891350e+00,9.562067120280690613e-01,-5.067483651764717933e+01,-2.716269180587548515e+00,2.056385678099851688e+01,-9.175557669861964527e+00,-8.138389299671386468e+00,-1.322587278377313602e+01,-1.747584465215819804e+01,1.665199250548324272e+01,-2.373278915946613665e+01,-3.010016676231306221e+01,1.378431079444645668e+01,5.570107907199783881e+00,1.938662672435613388e+01,1.914537753731131176e+01,5.083311880274431616e+01,-4.500491479855523380e+01,-1.848075699844674347e+01,-2.139102501098362197e+00,1.771688882357833350e+01,1.732179754759998502e+01
5.370363187919438008e-01,-2.655790579685536912e+01,-1.032737217397496821e+01,-1.004497187931364977e+01,-4.695193878537806143e+01,-2.401122479340526539e+01,1.275487259538018492e+01,-1.464434912093042129e+01,7.585692861889670624e+00,-6.347579302475612195e+00,-2.067622674106683878e-01,3.456815513397208939e+00,3.242470937476495951e+00,1.430473479748991572e+01,4.905935349702178705e+00,-1.413993709246921959e+01,2.785433818382579929e+01,-4.354648556336674581e+00,1.960349939717447754e+00,1.127196109194636087e+01,-5.379608540434816177e+00,-1.064867116030373317e+01,2.370402259486296792e+00,-1.340216353980027364e+01,-2.804080372942328125e+01,1.740419513124123441e+01,-1.740972159769945904e+01,-2.300663907558012866e+00,-1.546485540525121571e+01,-1.521223856574287758e+01,7.925431696048673480e+00,-1.972486375973681305e+01,3.133912584328633955e+01,-2.527037298790744657e+01,-2.416849142409781237e+01,-4.419717955027354606e+01,-1.364921800450509259e+01,1.749130006083769473e+01,1.616445922261060542e+00,-3.072986645397056549e+01,-2.814949228370708667e+01,-2.401267001083133579e+01,-1.519957031511030898e+00,2.337508457558074326e+01,-1.541825002269942324e+01,-6.149777081643106769e+00,6.376657367343303573e-01,3.472720499781920012e+01,1.050599830157654679e+01,-2.480722389074741230e+01,5.367479939091651886e+00,-1.136485577461144914e+01,2.316233063980546802e+01,-1.303249013693520197e+00,1.468028184865761432e+01,-4.276702716438062213e-01,4.385517718937558129e+01,-6.548264048010196348e+00,1.341728498805320768e+01,-2.269506431445296357e+01,-1.473299785047724697e+01,3.550692855888645916e+00,1.251947455344001270e+01,1.838433233625949015e+01,-2.921061864069227809e+01,2.780038070870351774e+01,-4.628469013967576373e+00,-1.557937617035172195e+01,-1.090378065384972395e+01,2.776449833948433010e+01,2.018681161897650611e+01,2.704498841152896560e+01,-1.829753394553677381e+01,-1.265068678160460180e+01,-1.258175677459741060e+01,1.900953010879113059e+00,-1.423489370444481761e-01,1.333495345481531835e+01,-3.115665184276445743e+01,-2.020611387478650656e+00,2.395917613154059467e+01,-8.607997977940178291e-01,4.946601863341376415e+00,1.631756302553138482e+01,9.052715893908890976e+00,-2.067450149781697721e+00,-2.208519302155377417e+01,2.226575742127749535e+01,-1.158127940871899852e+01,-2.784523687938951397e+01,-5.570369364111608768e+00,-1.294724108538454743e+01,2.300768707381599398e+01,2.514738682778297019e+01,-6.109959194871803945e+00,6.535930783591432203e+00,-2.703645362741506730e+01,-8.100097196141438971e+00,-1.975238813492495638e+01,9.264390830958371126e+00
-1.670944986609339367e+01,8.276969777346099733e+00,-9.554324096233335339e+00,-3.935758132605270276e+01,4.028096486712550472e+01,-3.066272962207970565e+01,2.273024077197651316e+00,-1.645301958728993341e+01,6.672830417183109653e+00,7.131508388213619654e+00,4.592324918989976190e+00,-2.192094857389826501e+01,-5.283698741585316938e+00,1.277293718859086624e+01,5.280430143258002751e+00,-3.736511654433295604e+01,1.039426994665115789e-01,3.480977582749276600e+00,1.731267357051500966e+01,-2.033760513609698251e+01,-1.225827937083843366e+01,1.548850182593939451e+01,1.147607496076827971e+01,1.686384833786830484e+01,-2.176694007044097390e+01,4.618337956015947654e-01,-3.665671251305791856e+01,-9.680470220221371491e+00,-1.033024356803523425e+01,7.468041510559634055e+00,-4.410536399838688482e+01,-2.371177629969583922e+00,-8.146586488635516599e-01,2.412017234139079846e+01,-1.955055497873448012e-02,-2.965726334505676931e+01,4.447431994329006599e+00,-2.643605166041464827e+01,3.246164531005249820e+00,1.009311586331081045e+01,-1.650107320217294671e+01,-4.409741587711123678e+00,2.035045948240654923e+01,-2.051591982063081332e+01,-1.579289347589227432e+01,-7.044698511237275085e+00,-5.786117683287665869e+01,-3.757452634194344832e-01,1.665796527324801701e+01,-2.970739322369303892e+01,-3.915512336446727915e+01,-1.395254977073570934e+01,1.593825521100537657e+01,-1.756495630332262525e+00,-3.113669942709532990e+01,-3.046132136991105632e+00,-8.526911510868806943e+00,2.063550599509999017e+01,1.382208531454060285e+01,-2.606782894533417938e+00,-3.960866307097407724e+00,-1.656236852839582241e+01,2.406155238765265381e+01,-1.640434466252212786e+01,-8.712517540648141434e+00,1.311142171174540216e+01,1.588236297914577833e+01,-1.021928931564678855e+01,-1.815058983202567333e+01,-4.330169030780857042e+01,4.732829242240266865e+01,1.633506119930611566e+00,-3.874407383694811813e+01,8.135035919308871044e+00,-1.664226915675041951e+01,2.098768341109560609e+01,2.356730532849709192e+01,3.778967323675904311e+01,5.073187620122834751e+00,2.587078627422418453e+00,-6.144469384589379857e+00,-3.641330797205316605e-01,-2.446955737192978830e+01,9.552512721354705860e+00,1.847042757861661144e+01,2.093985215903050090e+01,-2.694119070719295905e+00,-2.442042928384054790e+01,-5.006894980059007239e+00,-2.343748406518199445e+01,4.239949768317334389e+00,-1.292875798609819427e+01,6.366223673344226341e+00,-2.199013386462310393e+01,3.875372176668280844e+01,2.900190400830268089e+01,-2.169660338306984926e+01,-2.189187948185821497e+01,5.622293438131515941e+00,1.113489865485062680e+01
1.061150738581902075e+01,-8.728744091646131409e+00,-2.745444386662438419e+01,7.870973746590480324e+00,2.370675472171373599e+01,-1.778339054792701379e+00,1.605335516384756644e+01,1.563995561850700255e+01,-8.793968918273113999e+00,-9.154726791054722312e+00,-2.352661841069801341e+01,-3.080595558575490145e+01,3.964086387105555787e+01,-2.252916356152512023e+01,2.405896415966028457e+01,3.650619762056338402e+01,2.563174769219276428e+01,1.771022580715089489e+01,5.609650118679622821e+00,-2.612094089463434443e+01,-1.443329897422049157e+01,2.330352521137624322e+01,-1.444148676456014968e+01,7.364857888715337086e-02,5.742891719475344381e+00,1.098018428697666948e+01,-6.596371896553510084e+00,-9.455370797085663526e+00,-3.849396303514441087e+01,2.101575566013675100e+01,-2.459073567599312682e+01,-2.402655923878645794e+00,7.265878754945281237e+00,1.145502377584982590e+01,-3.386767978326350459e+01,1.618725799328971249e+01,1.613256525364715444e+01,5.833900221373495398e+00,-4.723185918035224518e+01,4.217872116982799291e+00,1.469248807255705813e+01,1.086151638257432062e+01,-4.963656313742225024e+01,-3.329329860707920830e+01,1.744762545356595851e+01,-2.983958743098600408e+01,-1.621582110791651488e+01,-4.529150326887052813e+01,2.206674256988033989e+01,-2.333528342368665420e+01,-2.638666088006531751e+01,2.455228199876653150e+01,-6.960478559740360005e+00,2.305482951253858914e+01,-2.328061317094237381e+01,-3.003377871170733115e+01,-1.102492181758024969e+01,6.736056068130942265e+00,-2.751998143107566719e+01,-1.471930925114799926e+01,-7.082393264078043593e+00,3.708928652194012354e+00,-1.389708833659743803e+01,-2.885095365098404585e+00,-9.810888886113655616e-01,-1.914969431385954479e+01,-6.077035572399880792e+00,-1.946060742709049052e+01,1.797418093111142312e+01,-1.139156921097689690e+01,3.300200616406153387e+01,4.141287129803240541e-01,-6.504828219713113313e+00,-2.846152240621563578e+00,7.172728398968531316e+00,-1.506330750810474051e+01,1.521830341129303044e+01,5.057458009202125737e+01,3.256545282417850906e+00,-9.139044828886031979e+00,-5.037048827981655208e+00,4.982926288433713324e+00,4.487327900979170892e+01,2.794583340982056896e+01,9.220431933385210499e+00,1.734654850417945227e+01,1.056550845814803807e+01,-5.998044127997859576e+00,-2.158011448779951280e+01,3.933734355144311934e+01,-3.344861089887091055e+01,-6.109890891916375466e+01,2.550144012317107745e+00,-5.741163944487549742e+00,-1.886729104844838645e+01,1.860429391477415351e+01,-1.386909055385059908e+01,2.992025412869038092e+01,5.717605742164832527e+00,-4.559988625912491322e+00
2.715008426915598516e+00,4.065206964538622003e+01,-8.772278221216286198e+00,2.454803448124652832e+01,1.542120132956409329e+01,-3.216747711947135002e+01,-6.676343614174975905e+00,-1.316892102364138317e+01,-2.582244160403165267e+01,5.692336747716926659e+00,6.516553303124004159e-01,1.998452240846016181e+01,-3.530527236659926871e+01,7.945133961661190902e+00,3.363417622565500409e+01,-1.873147983249137383e+01,-1.939840277095955301e+01,-2.754159838916854142e+01,1.891522752210136815e+01,-1.230594580873961874e+01,-3.092440950700001068e+01,2.696446849872461726e+01,-7.070753186354730602e+00,-1.378621802901698778e+01,2.560907931085569800e+01,4.047642415734817689e+01,2.194288430680088453e+01,-1.413064144150959223e+01,1.938335054548803527e+01,-1.330751720782489578e+01,-1.306541389061575131e+01,-3.851997182131061237e+00,-2.517951432173919102e+01,-4.823548157152673355e+01,-2.173131059419267785e+01,-2.711225697051396821e+01,-1.492785887058835748e+00,-6.978227426844268777e+00,-3.506115687071618936e+01,9.865134288733941048e+00,2.260066141251147798e+01,-2.069567561851382465e+01,-1.489636800581711285e+01,-9.763111342524219083e+00,6.215378082068238719e+00,9.915002847353447279e+00,1.068528081609642655e+01,-7.864884554011027262e+00,2.103295158888458083e+00,-9.063149722246716777e+00,2.338188451024380399e+01,1.432118722297590629e+01,-2.304137431711545503e+01,-5.449026072661460773e+00,-3.405901633473794021e+01,-2.324484471464366209e+01,-1.628315518538214324e+00,-4.380963687204259216e+00,1.503578781244637597e+01,-9.535184201643946977e+00,-2.365090046008018021e+01,-1.170178549519195244e+01,5.296522638881543621e+00,-1.636049746289239692e+01,1.587251076021929563e+01,5.849806065623438300e+00,-4.970381606819580078e+00,1.844923061983723400e+01,4.223464549363557197e+00,6.207061733864646769e+00,3.371631033048663628e+00,1.803053059847439021e+00,5.673558476969901676e+00,-4.281505806379459322e+00,1.343154995945711860e+01,1.954060543023572460e-02,-2.244528841670468466e+01,-4.429524784996509368e+00,3.034600816574176463e+00,-1.220497953336606578e+01,1.317058369604749757e+01,-4.060646036246683410e-01,-8.368644398464979872e+00,1.416592148295460518e+01,2.323317976209487057e+01,8.673048897058265538e+00,9.141780503282586068e+00,1.511902721603420829e+01,-7.267403185470431293e-01,1.688723398123811137e+01,-3.248610839772111092e+01,-1.644096505992242641e+01,1.973896479577202712e+01,1.814423690971670666e+01,2.290648140755790862e+01,5.000852854169123063e+00,1.716009523657819713e+01,-4.853589591540450776e+00,-3.083914713350086956e+01,-6.560609251547333542e+00
-7.932840049977105679e+00,-1.542137122441275210e+00,1.004045804857386148e+00,1.172275854449501509e+01,3.271714111051474561e+01,2.341345909231576883e+01,4.208784414106093053e+00,2.412907722317284787e+00,2.206009356936733568e+01,-4.516128781727109853e+00,-2.097651195837621430e+01,-2.110245080049512723e+00,-4.640661511570171704e+00,-3.128084045131965496e+01,-2.339174703090788654e+01,-1.696759813590102084e+01,-2.026672886220980185e+00,-2.819621566439453630e+01,-2.316092385172483148e+01,-4.494098126567850571e+00,1.247240294127080773e+01,3.192015376670753746e+00,3.226588187520025031e+01,-1.316621901119174076e+01,-2.670548343448207351e+00,2.088663015728470285e+01,1.004426838301162128e+01,-1.121500817124930327e+00,6.655901395478601046e+00,7.907339053344260904e+00,-3.178444852927800213e+01,5.801903267399157293e+00,7.228415678901427555e+00,-8.533073551880271168e+00,-2.600733542487210315e+01,-8.907429138888197429e+00,2.928153039707893868e+00,1.113078340606994487e+01,1.146805502271046429e+01,-2.765503433303663883e+01,-2.532450591720732902e+01,-1.508096541514830946e+01,-7.766861338618159749e+00,-5.944436480641496212e-01,1.375321821939883193e+01,-7.031014414965903292e+00,3.247176078941138400e+01,-7.710617162951971082e+00,1.605792186376138275e+01,-1.171241279479405684e+01,2.723049333186459142e-01,-1.108190484453537650e+01,2.051892073060746213e+01,1.228132128283048097e+01,2.159263788764620529e+01,-3.606423268576207164e+01,2.386773889115161040e+01,6.600283215378558666e+00,-1.633125773507215328e+01,-9.833450113992144637e+00,3.907693445046940184e+01,-3.671869620371641219e+01,-1.875954986034008698e+01,-4.382429745100769658e+00,2.786711167873208161e-01,-2.114982354766232575e+01,-1.180581327472959607e+01,1.579078236405014835e+01,2.997294080545826844e+01,5.593314717662359215e+00,-9.937906815500907598e+00,6.642778654267532445e+00,2.519827929444482351e+01,2.318370990592245207e+01,-7.432159446397364810e+00,-1.841179909871879161e+01,1.792506706515346693e+01,-1.864193076430549567e+01,-1.022888224913921462e+01,-1.847233172260789047e+01,7.439825737749266921e+00,-1.437514269024997127e+01,-7.735923708963812651e+00,1.530423736512603128e+01,-3.412111047897956695e+01,2.839229616338422701e+01,8.229967204359322608e+00,-1.276827852464171009e+01,-1.691814160596949179e+01,3.160181402910242099e+01,7.341509613933825840e+00,2.361622556195920808e+01,2.464239387066317732e+01,-1.035484936602142270e+01,8.399166637912562905e+00,-1.123470522912668912e+01,-3.996565801593108347e+01,1.184831084603617413e+00,1.627404693422156612e+01,3.401873934189016779e+01
-4.966032434711426191e+01,1.489533430713695150e+00,-2.074880571759184988e+01,1.253056746568002211e+01,-1.630386780844776240e+01,-8.787202824067756879e+00,2.720162642298658184e+01,4.763177910749557498e+01,7.425265679949496267e+00,2.298685804830567037e+01,2.090190272361360257e+01,-2.074647285202781788e+01,-6.538789281451483859e+00,-1.748479817345457121e+01,-1.457874606212751267e+01,-9.264281505622030011e+00,2.893514948592843439e+01,-1.648975269102785912e+00,-2.973573923774854677e+01,-3.308513209435725599e+01,3.110523324586208105e+01,-1.572289216742667861e+01,-4.039908063331334453e+00,-5.939882163341525079e+00,-1.387292730896501780e+01,3.667658237187631620e+00,1.762098231364027612e+01,9.212459352358579601e-01,-2.414299162418523537e+01,5.800730920133720048e+00,7.054758117197497569e+00,5.017506116687981965e+00,-1.133705317730830231e+01,6.206127103660760369e+00,-1.005880089959829959e+01,1.887452930734760059e+01,-1.090141319101141093e+01,4.156567662165917554e-01,5.427518352046417860e+00,6.121411767478586174e-01,9.411136318219295305e+00,-5.032285090163383323e+00,-3.146700817226273372e+00,1.735147568938544893e+01,3.731034968958063303e+01,-2.920281366110562971e+01,-7.414072280998300180e+00,-4.880223340480352334e+01,-5.457261587096688515e+01,1.310330261821014197e+01,-2.392249321751047120e+01,-1.601148092199420248e+01,3.293569724848430269e+01,-3.141520007445002705e+01,6.871609483865793955e+00,1.737319369959421378e-01,-2.244403338578536733e+01,5.393769782136852342e+01,5.523924713743808468e+01,3.642364189558072063e+00,3.358445404591530181e+00,-1.205053330348382801e+01,-1.111922042690169476e+01,1.138541901149558555e+01,8.735398789496260363e+00,-9.594897256259713458e+00,1.963628649724808639e+01,-1.718269020105068279e+01,-4.481947814871692692e+00,-3.381847983955945658e+00,9.954429824492423862e+00,8.683319775202042123e+00,3.252218396432566294e+01,-3.972605040688293343e+01,7.011841040929372326e+00,-9.425060486089398282e+00,-8.407749063245125498e+00,1.658228916154821420e+01,1.648870492412942923e+01,1.181272674089634123e+01,-1.214214431615185319e+01,3.446873055422315701e+01,2.926702848394140410e+00,-1.137674534214959721e+01,1.899574166194400604e+01,2.568886781377310058e+01,3.541950537168440860e+01,2.341041523236500410e+01,-1.591083271014907297e+01,4.262725711515414417e+01,6.169098352754289749e+00,2.552140230033839785e+01,3.956228957600838214e+01,-2.226949439678059761e+01,2.938225592879305292e+00,-4.012770929848753809e+01,1.698104652052551700e+01,-4.146778908667726427e+01,-1.892663174252611569e+01,-7.680713905772718064e+00
1.573532094561290728e-01,1.399918574182898112e+00,-3.388070218754388918e+01,-9.673356433777684060e+00,-2.267899039559389962e+01,-2.990762011937701814e+01,-8.632164115154761230e-02,9.016222463700614753e+00,1.313674143616238688e+01,3.398594969934494969e+01,1.339838837264008653e+01,1.478800741316001144e+01,-1.062300764745483228e+01,3.340122855582701611e+00,2.932273773580403287e+01,-4.198834711015027032e+00,1.136028981947233696e+01,-1.244078663729831824e+01,2.165861583496137399e+01,-5.414050292199388714e+00,7.253924482937467388e+00,-5.235162721271604092e+00,-2.271313076798245589e+01,-2.301650915711811507e+01,8.058461891945965405e+00,6.089779614489882142e+00,7.371412289801349438e+00,1.807287821227281199e+01,4.972364443020654612e+00,-1.352973255823677334e+01,-1.491119479358772359e+01,2.739582227246113888e+01,1.005977411802061638e+01,-3.650909433436378748e+00,-1.602334713297919322e+01,5.852526348653371180e+00,-2.124813377270128711e+01,-1.678011419634696466e+01,-1.011836287701931880e+01,1.037381608002266198e+01,1.515223145708312913e+01,1.106161293349921415e+01,-4.895428572025802794e+01,-1.202940181819542431e+01,-2.877285380996819519e+00,-3.812375972966565030e+01,-1.549199134104668829e+01,-8.973562577880359825e+00,4.290669324137869722e+01,1.273296849870831338e+01,-8.993458668798604450e+00,1.711470236839721437e+01,-2.696673956100187119e+00,3.233339598197007092e+01,1.764782216913542312e+00,-3.008998182845062885e+01,1.763955478143597588e+01,-5.264016171136980660e+01,-1.874609596466058647e+01,-1.839429603296168381e+01,1.070057754213944534e+01,-1.486366128817201648e+01,-1.059891068754372867e+01,-3.591600114095162866e+01,2.006326304190132959e+01,1.829126815451801491e+01,-2.538657183408285434e+01,2.591570649305985352e+00,-1.215014501010850623e+01,1.784801797796679068e+01,-1.144372213744604139e+01,-7.135284640819157254e-01,1.356397999477919392e+01,2.068587968421709178e+01,-4.134169987932697410e+01,1.918182365870137795e+00,2.928165636311253817e+00,9.468933898096468127e+00,5.034866357708632556e+00,5.706880023822203896e+01,-1.293615983091673272e+01,5.759206692839525132e+00,-2.404489678463746216e+01,1.532263746119018677e+01,-3.092238183841122812e+00,2.601980225568956140e+00,2.793485812048630379e+01,-4.057424426646858251e+01,-4.504176344798150211e+00,4.980246326759863784e+00,-5.276858896349312822e+00,-6.991576170507197041e+00,1.188753366279561519e+01,-4.184936024104487728e+00,2.705835845303599285e+01,-5.693907962878471452e+00,-1.244382141779656870e+01,-5.230912322244234858e+00,-6.655703307058869811e+00,-2.222562342993221307e+00
1.047557172608807541e+00,5.206825137388867653e+00,-9.793782737433978980e+00,-1.018486493017312711e+01,4.795657437575127524e+00,3.474763029970679984e+00,1.556549257569403544e+01,-7.380642234452299277e+00,-1.315112022386755264e+01,4.525344809829863202e+00,-1.255437990340228405e+00,1.632848394563848116e+00,1.198200405207724017e+01,-1.930714651910524537e+01,2.077266347326660156e+00,-6.547115089119425413e+00,1.648256858625219934e+01,-2.870606833160405813e+01,-1.283031366995237121e+01,-1.614541415468361052e+01,3.969979711627114227e+01,-2.325341530414152658e+01,7.776492096046886182e+00,8.699609902598668398e+00,1.869918872206470795e+01,1.403867781413544691e+01,-6.179054850944400989e-01,2.310153899537566247e+01,-3.781790640514752511e+01,2.962634467633213919e+00,3.752784903998707122e-02,7.642183652125019933e+00,1.205118838631467071e+01,-1.552758683482781521e+01,-1.831943805452447194e+01,-1.749724494306813938e+01,3.166779261405032742e+01,-3.175330403058027429e+01,-3.092715929693040167e+01,-2.557541596700878372e+01,-1.450495446909785358e+01,1.255008824783044830e+01,-8.381233774786903012e+00,-2.940962796723863093e+01,1.312459249733035094e+01,1.987755523944868585e+01,-2.516332091521166703e+01,2.736414991563013155e-01,-8.887626216064724360e+00,-2.192921899471119218e+01,-7.795688164954665211e+00,6.089610866076012208e+00,1.542378745739903145e+01,1.485969700223764178e+01,2.436951803254967075e+01,-2.021947591357067253e+00,1.397902664933272421e+00,2.466850971605239806e+01,-6.842473886244290426e+00,3.227928133495176155e+01,4.703314845806193034e+01,5.020616130183491066e+00,-1.110225609912220790e+01,-1.532798466388309855e+01,-2.869474468592361660e+01,7.470753351372421136e+00,-3.993623474640159543e+00,3.054679731926302821e+00,-4.751354757527514749e+01,-2.860678200828684226e+01,-1.702728869607140183e+01,-1.372239826416294051e+00,1.695817922389745647e+01,-1.790999621643429762e+01,9.623866720403036368e+00,-1.784197744714920830e+01,2.250786757155333362e+01,-8.269147073713623897e+00,1.641156617054705436e+01,6.035251026158013232e+00,1.908042214450294694e+01,1.187820715708629571e+01,1.985600683648680587e+01,-1.730774591413222296e+01,8.893027065425529454e-01,2.115247647518271279e+01,1.561427138625710498e+01,-2.011666197864755645e+01,-4.897461127443484941e+00,-1.433233013763777031e+01,-2.043986118493059578e+01,1.280142247201190209e+01,4.045129389168130274e+01,-4.231263253511735911e+01,-7.002412902932115379e+00,5.039668377067948235e+00,-9.059833438993081245e+00,2.518165640963319163e+01,-3.217359902476194300e+00,1.398795890931726760e+01
2.928919454786759147e+01,-3.547050842412754434e+01,1.071103624345602512e+01,-2.490529884492288204e+01,2.346214392428332474e+01,-6.108707345066997974e+00,-2.020859588544284691e+01,1.589013875310726220e+01,1.984906680047546246e+01,-1.674107412080428148e+01,-1.925585747470129672e+00,1.819454129861952429e+00,-1.580556855393329130e+01,2.666599687736674795e+01,-1.167892905467233611e+01,2.738466999267776458e+01,-8.673868548814069879e-01,1.962213248844155800e+01,-4.761929107220564283e+00,-1.476833143017543470e+01,-2.016177164898862983e+01,1.711082874756980488e+01,1.054543706958124716e+01,1.255613263699467375e+01,1.320952622003898114e+01,3.058912399483330802e+01,-3.925350977698723653e+01,-2.656209959634109907e+01,-3.958124820312208669e+01,-1.009354128878925749e+01,1.077952538190002585e+01,3.495464223200654175e+01,2.655732325044720454e+01,-3.847841066454249415e+01,-2.780083372112035889e+01,-1.432233590222882036e+01,3.546319597566010007e+00,1.071320750485098472e+01,1.331664877164967109e+01,2.068632566356443192e+01,5.875803471375522236e+01,-1.180918817071523819e+01,5.612591120306030135e+00,4.880266688672419662e+01,2.294974965858238747e+01,-1.555319665079087033e+00,4.151380888926277635e+01,-2.611331293304985834e+01,-5.086723688373378849e+00,-9.732091556998195614e+00,-2.375566283398445933e+01,-2.484676437169629271e+00,-1.783271799420825943e+01,-9.999036529154173181e+00,-1.651336543929593859e+01,2.703230018666172896e+01,-1.569801491683043793e+01,-4.154927561909579126e+00,1.858739943177379894e-01,1.770704799853391576e+00,3.095524153979265503e+00,-1.641586657075949418e+01,-3.278233307752321224e+01,1.131137570738343889e+01,-9.437738909349970839e-01,3.247097935582581130e+01,1.292492819205312848e+01,8.449667111036481160e+00,-1.805515972772728261e+01,-1.761876908262428287e+01,-2.240453332837271816e+01,2.936016974299290894e+01,-3.583162093991890451e+00,1.725240390436434268e+01,-1.664027330683410355e+01,-8.114375912934683299e+00,-4.770713840845225207e+00,-4.361652895002818298e+01,1.328290320602585339e+01,-1.211816854214067263e+01,4.827939015998740047e+01,-9.611616252906848956e+00,5.753017036172349830e-01,-2.248869957371952566e+01,2.181523892118935493e+01,-3.749749470447859778e+01,4.820262574637907527e+00,-1.107232142081464943e+01,-6.875686726864905118e+00,2.087324216013997358e+01,3.331327329427261930e+01,3.560576728773822364e+00,-1.282294424534597077e+01,-1.406910227468176267e+01,-2.379658701913906782e+01,-9.028141607209290598e+00,-2.552853057251111224e+00,3.779228344029220032e+00,1.191194185308547837e+01,3.515378724493050555e+01
3.190888799761644279e+01,-9.040392875344002377e+00,2.396833702220809315e+01,-2.806100184589620739e+01,-3.338139285812994217e+01,-1.498913395651591962e+01,2.462752797928600046e+01,3.451559598487924063e+01,-2.003017965994898120e+00,1.913840094046378226e+01,-3.286162503036443638e+00,2.931595637815705402e+01,-1.380586251227066441e+01,1.262845844165012466e+01,3.043652468659386301e+01,-1.035221340097542253e+01,2.139711468567297459e+01,2.474097876840294674e+01,-1.609858674888808139e+01,-1.201918848758714242e+00,6.112620556749961409e+00,-1.712351657401154270e+01,1.041865630073023041e+01,-9.845269324998909610e+00,6.492830413013388480e+00,1.168421978063626199e+01,-8.156346838612879679e+00,3.220417747278463594e+01,-1.173974736152336718e+01,4.231764461608639394e+00,-1.687216036170559263e+01,-1.997504566762562206e+01,-1.011626736729845177e+01,9.192649692064856382e+00,7.261909708928564910e+00,7.003147931011540095e+00,-2.366470056409268352e+01,-7.405591312880577703e+00,-4.159825739864505323e+01,-3.004502796345006033e+01,3.870321352323760955e+00,-1.875894489174954938e+00,-5.340417185040221781e+00,2.430870786565797914e+01,-1.775475987401161859e+01,-1.108454394396429787e+00,1.308191884564993135e+00,-2.438853828838774440e+00,9.914446457577563265e+00,4.941401360889431937e-01,2.253258441982022475e+01,-2.693756246092037188e+01,-5.570789210159287563e+01,1.704936321771907615e+01,-2.602721292316652679e+01,2.323998369742654191e+01,-1.411610952548203812e+01,-3.394536124070209837e+01,-1.815654246263709481e+01,2.222784610021104168e+00,8.657145547410838304e+00,-5.031455205217703508e+00,-2.180565733668521844e+01,1.133848542178976260e+01,-6.431002502445982039e+00,3.127697445744004767e+00,1.626503773772926564e+01,-1.297592963064959193e+01,-2.493516481741841062e+01,4.610867698407833615e+00,-1.851366514843088895e+00,-5.379307149282203326e+00,2.797022155669471388e+01,-5.505017251442103188e+00,4.342777593023026128e+00,-1.464258932759213039e+01,-1.613508254382701068e+01,-1.025799061398619294e+01,7.406575199837944545e+00,-1.242226032943279712e+01,2.875657920906262177e+01,6.003087084551127717e+00,-2.523876508053987777e+00,-1.028134089195108736e+01,1.463829384667902112e+01,1.220020382012592464e+01,5.280025344541682486e+00,4.749769523978530472e+00,-1.073346625227083795e+00,2.032483779027084481e+01,-1.079893958308837298e+01,-7.963338176694684023e+00,3.703011823552147064e+01,-4.037364433997954194e-01,-1.797492904517042689e+01,2.972280196226417814e+00,5.069317730377830067e+00,1.311838062445379016e+01,-7.195346110775180382e-01,2.202241972268114623e+01
-1.785056504673513800e+01,-9.713788782077671158e+00,-4.881006892479063275e+00,-2.689801394899470122e+00,-4.925845968057522839e+00,-2.107237960138923949e+00,1.579592774921112941e+01,5.082280143752331281e-01,-1.848492505400017194e+01,-3.456192591610556697e+00,-7.164668594566551363e+00,-2.428872765741535211e+00,1.301441456994863977e+01,2.284304148391052536e+01,-3.459883734753315565e+00,2.199687632951496941e-01,3.590537817652437269e+01,-2.418735176036961221e+01,2.892839576642987254e+01,2.890469523764252102e+01,-2.200992853842341113e+00,2.163071935756199693e+01,2.367706366373417737e+01,-7.191972306681229554e+00,2.316064658208660987e+01,-1.442716799082458401e+01,-1.639384760137694297e+00,-6.442501222265848426e-01,-9.409670547709927391e+00,-3.453274816076980613e+01,1.859272031172281103e+01,-1.755689105739491396e+01,1.115582881392224834e+01,1.887591207728453213e+01,2.782720608349490021e+01,1.454952405428357309e+01,1.712489765915562501e+01,-2.816410171887462965e+01,2.693597216463368227e+01,5.250316775069882702e+00,-8.791705988849025655e-01,1.125550772339007288e+01,-5.547258381278478367e+01,-6.494191973326588485e-01,1.224743583070151232e+01,-1.934116063510235151e+01,-4.983240137663698555e+00,-5.557256860212532956e+00,-9.142650115177218595e+00,8.690858453795200944e+00,5.388924060655935655e+00,1.237083021784402703e+01,-2.911930036493039964e+01,-2.551567688245992471e+01,1.768083334466334477e+01,-3.333936341740032727e+00,-3.487076452195002219e+01,-3.889925137978021752e+01,-2.398265570430738070e+00,5.941386844006498080e+00,3.881160243069291482e+01,1.466485072070580209e+01,-1.485930174877440990e+01,-1.314072994878762302e+01,-1.116340144104907139e+01,1.361251302037230460e+01,3.287323172057840281e+01,-3.023956986604895292e+01,6.770000981497811487e+00,1.392871271341478057e+01,4.697655186073244238e+01,-1.276965791699965269e+00,2.206416594517359187e+01,-5.361446778348144981e+00,2.657526351275990351e+00,-1.854854010155815658e+01,-8.551420503274913543e+00,3.833633465610945024e+01,5.826454020265848577e+00,-2.967064907746034486e+00,-9.184524690621868714e+00,1.439424424293534699e+01,9.584886585578692220e+00,-1.248620095346489478e+01,3.183221778528778145e+01,3.157705563648663372e+01,-1.500709867703601752e+01,1.078104803142580081e+01,-1.307964794873670566e+00,3.908544033332893974e+01,-2.719924590958164856e+01,3.057997869258543844e+01,-3.306389318758813545e+01,-7.287509020831020479e+00,4.126812193784775928e+01,2.357098772269667109e+01,-5.841972727431456569e+00,4.479684766167101095e+00,-5.048706134041869298e-01,1.798769994673574857e+01
1.875536848296744452e+01,1.200603832225105805e+01,-1.275148178596792903e+01,-9.806392723467910244e+00,-2.369103952508482713e+00,9.237665207024324587e+00,4.630267962430970385e+01,2.709983997440895465e+00,1.937151009542907332e+01,7.353587522589664971e+00,-3.503695618486325714e+01,3.550944862284974413e+00,1.954766924676069451e+01,-2.742866311981249527e+00,1.557502344325218147e+01,-3.236600141143720322e+01,-7.551033377988323636e+00,1.638535392121974610e+01,2.912259653610576748e+01,1.008626856770495195e+01,1.458583785144665690e+01,-8.798354191004483127e+00,1.653117506882583854e+01,2.031546578333527009e+01,4.485775286410281559e+00,1.679985546071415570e+01,-2.016191264114547721e+01,4.820887489273823689e+01,3.050883006617039150e+00,-8.214839713005377408e-01,-1.209790019422926299e+01,2.760591351704366403e+01,1.890164572241069507e+01,-2.539876134495555959e+01,1.219727109416457367e+01,-2.750086070059840537e+01,-3.287767207487411270e+01,-2.207668750399599134e+01,-9.345417870614733502e+00,5.936052227103124856e+00,3.570195387495024963e+00,-3.178042694768530652e+01,-7.318131149682510994e+00,2.992266322337289353e+01,2.150373563871874438e+01,-9.653434649734758954e-01,-2.849320487775876209e+00,-2.471136888976698032e+01,2.079752928047699712e+01,-1.661527823406688142e+01,-8.671724041339174960e+00,-5.075235412351445596e+00,2.632627940714517667e+00,-9.532012831498908767e+00,1.595640361587658163e+01,-3.534273567662393134e+01,2.065588158494652760e+01,1.156842166351700385e+01,2.522347372259901732e+01,2.608382093977886385e+01,-1.518636632258339958e+01,4.355917714223050297e+00,2.759006146705639484e+00,-4.394598008219642082e+01,-2.457286481445646942e+01,3.540957643021462786e+01,-1.292672054427674411e+01,-3.246393515127824259e+00,-4.721333485165456478e-01,-2.772244612154917132e+00,-4.743705297233255891e+01,-1.503458973569706814e+01,1.047920657190023519e+01,1.208215677395511989e+01,3.082696212383634204e+01,2.942990564366242268e+01,1.986543050440510072e+01,1.471503807869886771e+01,-1.404298808852260105e-01,7.507592440236562581e+00,3.398448348610046565e+01,-6.006986365091400160e+00,8.449659689933902706e-02,1.411714242345908055e+01,2.018267525958351527e+01,-8.306053876496985566e+00,-1.663572215950018318e+01,-2.278104172983854170e+01,-1.099505449387456313e+00,-1.253520635086841528e+00,-1.606026353627410330e+01,1.682848263099170083e+01,-1.664355606661471754e+01,-2.434367599591040943e+01,1.539392307411497285e+01,1.929551748452430715e+01,-6.260108474914557064e+01,3.751059799303241071e+00,3.180510726782189579e+01,-6.666014331700019113e+00
1.164220898603493914e+01,1.222069879109501400e+01,-2.071511794330960043e+01,2.102280381276102617e+01,-3.323270189344560066e+01,-1.303935851688545711e+01,-1.276999449413059651e+01,1.683778868297970277e+01,-3.983175708330125531e+01,-1.401370839148757419e+01,-8.909822560097675037e+00,1.526406636723426047e+01,-1.566591934268126352e+01,-4.226858704168839909e-01,5.025847635347372488e+01,2.396908320602231157e+01,1.362550109963382283e+01,1.072611672861035892e+01,-1.035824656343718120e+00,-1.179168342712460849e+00,2.113908333928005590e+01,9.230371336880802247e+00,-1.198566369479927474e+01,-1.796901854324354630e+01,-2.741074154757994918e+01,-1.986864287844935362e+01,-4.808535188599831400e+01,-1.638895528384558276e+01,7.787724996418094570e+00,6.978925380383674160e+00,-5.965715407899381262e+00,2.590369675995557230e+01,-3.316399334075404681e+01,-9.219595690983680925e+00,2.657473731151305252e-01,-1.238546404654412569e+00,1.297081237312437807e+01,2.213755503661985458e+01,-2.345971184137063403e+01,-4.259980739441149211e+01,-1.380307844499513870e+01,1.183001293351329153e+01,9.380200320739206177e+00,-5.484131410448800814e+00,5.967732198182017278e+00,1.681392081476885281e+01,-7.509040648311874122e+00,-5.346375211644516412e+01,-3.053940681011849012e+00,-2.469547012341132231e+01,1.680089798440573823e+00,-2.719280979454972069e+01,1.920010904800804497e+01,8.558993148034035769e+00,-1.624599223818250948e+01,-4.228355109399608125e+00,6.116678577789291360e+00,-1.207821833579880533e+01,-7.698153259864515263e+00,-4.274006057160609373e+01,-1.466521605382363624e+01,1.260474936703338145e+01,-1.382861055830190367e+01,-7.791909155150838373e+00,6.084547898265968868e+00,1.198567671773723120e+01,1.167424887315106474e+01,-2.244258435637537019e+01,-1.066537766506980489e+01,-3.920550521336652849e+01,-2.083749478327928983e+01,-6.173169267122748494e+00,-9.166153177488180148e+00,1.736215838506139164e+01,-6.230102912036139529e+00,6.222986104298938059e+00,-2.750609789439707242e+01,-1.123592273834118949e+01,-1.008773979714227309e+01,-1.317324623820923790e+01,-1.517274491609792619e+01,3.768171785677738139e+00,2.608571131329147264e+01,1.836991790588563944e+01,4.127998278791476849e+00,-2.021617106962569821e+01,2.553741107396257348e+01,-1.336642522157533719e+01,-9.559595383037114757e+00,1.209144343771080088e+01,7.431531092523986359e+00,-1.104132403613732194e+01,4.551388371246807196e+01,-2.874466473755255080e+01,-1.690452652591312699e+01,5.267752441339682790e+00,-1.086816951384146179e+01,1.159704451841292538e+01,8.335174652085409974e+00,-1.116474256563265222e+01
2.853924544765370275e+00,5.055247624807511997e+00,-2.562346347699523363e+01,-9.151243974523666225e+00,-1.799899737088826868e+01,1.638124100344245448e+01,1.226497300391624634e+01,9.906014546060996295e+00,-3.569609929392239422e+00,3.143768511955438427e+01,-2.407129275124280809e+01,-5.696526533550525073e+00,-1.878022752081225022e+01,1.339332279646973589e+01,9.187719929206044966e+00,-8.295561714817327736e-01,-2.928330789202881590e+01,-1.379987779996443464e+01,2.212051322213665117e+01,3.765961857528589363e+00,2.230223388144655416e+01,1.979441759935011902e+01,-1.532031948945401467e+01,-1.827060327533689232e+01,2.613391944428196823e+01,2.924510456769795486e+00,2.294751616059266475e+00,1.786503285275750841e+01,5.718292148961100274e+00,5.582472764781203800e+00,-1.208600921330644695e+01,-4.891064941228764340e+00,3.515710891827500006e+01,-2.498516708094846095e+01,-7.415462672769941754e+00,5.030434776917186213e+01,-3.365602331708525696e+01,2.741944709067452735e+01,-4.628926533099072316e+00,-2.090673744460475092e+01,1.284306255272423058e+01,-1.036454949832401695e+01,-3.767504315138990867e-01,-3.468015407905599545e+01,1.124863991944743802e+01,-1.759057547867010074e-01,-6.931681467447775580e-02,1.981442516211379257e+01,1.881599359081445044e-01,1.255362039623885195e+01,2.288374032871495434e+00,6.842250268566913540e+00,1.692024852652102140e+01,1.307503912168425764e+01,7.375160697517029185e-01,5.166769999714735917e+01,-1.722872193729215695e+01,1.698722703173060822e+01,-3.801037964910379685e+01,2.166986445070860690e+00,7.531609333536625428e+00,-3.474946504651457246e+01,2.156110414385959828e+01,1.875318647942782491e+01,-2.291936637871136639e+01,3.311993194743360291e+00,-3.973270884104185541e+01,1.249818756682804377e+01,-2.839989210469224190e+01,6.866390588908027226e+00,2.625945347622507597e+01,-9.025468055589637828e+00,1.606654715047419302e+01,1.943191740667546341e+01,2.741973636468305031e+01,4.891415031586303641e+00,-2.263316986963437927e+01,-3.938764373436615784e+01,9.178188075866357210e+00,-3.218411606839239880e+01,-5.764728310099937580e+00,-1.428375574203354681e+01,2.469646047751038864e+01,3.095256594895813151e+01,3.169674547254774932e+00,1.479342190565841797e+01,1.541216773245916372e+01,1.676514720901094080e+01,2.976317983723475535e+01,2.054424748970993519e+01,-5.732638473482383201e-01,1.049900163729218683e+01,5.704781396292857742e+00,-1.273794528326312125e+01,4.226321683708438570e+01,-1.647130402136977878e+01,3.062374123746459631e+01,4.677418853550172173e+00,-3.437869386745231459e-01,-1.852166176232457317e+01
-1.832428861042421531e+01,-3.671465520627062773e+00,3.165304604052222803e+00,-4.563074398765587514e-02,2.274693558745559674e+00,-2.374575259004157601e+01,1.805100913657343042e+01,-3.233608422119893078e+01,7.479132207502905416e+00,-1.876838120354406669e+01,-4.702607380135738424e+01,1.328053201924029203e+01,1.060270127481457436e+01,2.151901082840800683e+01,1.640486663269353329e+01,-8.206326324114716186e+00,5.540424207974044890e+01,-2.224115921861068301e+01,-6.492977196837068199e+00,-5.097741947502747450e+00,7.861852771804013429e+00,-9.193861147906527975e-01,1.167021560917292078e+01,-1.236636445245282445e+01,4.911689639338570146e+01,-2.393291800069236785e+01,-5.454562972043613911e+01,4.826710560663855176e+01,2.979857194894671224e+01,2.813694176579841155e+01,-9.295115529133120447e+00,3.943947780654421109e+01,-8.391385089289050470e+00,3.143159949501700368e+01,-1.672798808919855418e+01,1.176970316990977139e+01,4.112532150322033431e+01,9.671507948323423420e+00,-1.100682394897154914e+01,1.655780442689223975e+01,-5.617922726244383824e+01,-6.915129340839207828e-01,2.071765023948101714e+01,2.137664348223621857e+01,-3.018679134167799916e+01,-3.084136022517985865e+01,2.317560545189450139e+01,1.719738065396088800e+01,-1.275781825147832294e+01,3.431411700373718343e+00,-3.841796190186700244e+01,1.846186443020608436e+01,-1.309053556179997635e+01,-1.326320689533019603e+01,-2.618108330091654778e+00,-2.144254077143671111e+01,-1.439730657080123244e+01,-4.500935062110503537e+01,1.423233990083252465e+01,-1.075141481644179642e+01,-3.915389660550189888e+00,3.791068429628224834e+01,-3.132149351373101354e-01,-3.337433995440656531e+01,-2.669456080403173814e+01,-2.443543537545307487e+01,-2.659831545877079861e+01,6.014382363589099612e+00,-6.539012269041371894e+00,1.247655830594291082e+00,-9.902171320929991083e+00,3.359626639744737986e+01,-3.517136126522050432e+00,-2.260700989568303854e+01,9.025613823833492644e-01,-4.444809359324181308e+00,7.526102348061006531e+00,5.228465011527640982e+00,-1.498149530686238329e+01,1.089953737665980427e+01,2.067020964916127568e+01,3.387753856708194622e+00,3.082404220257405214e+01,-1.387440669680466243e+01,1.060180409952962677e+01,-1.541836313677008619e+01,3.405339831661277117e+01,1.304949603540726599e+01,1.556024337798588064e+01,-8.504652757132260543e-01,6.258124724432490460e+00,-6.156099815179849166e+00,7.207099300464500757e+00,-8.177374916008524508e+00,-5.187492649458548044e+01,2.683218859618201435e+01,7.526564840039357662e+00,1.881747563144721269e+01,-5.753257085763013201e+00,3.957404872804957119e-01
-1.313756926252758639e+01,7.475227663775099174e+00,7.196466277048900739e-01,6.815527284242390849e+00,-7.488730922973312332e+00,-2.537670060882145640e-01,-1.923670615240387605e+01,3.080465095480762372e+01,1.749919845913924377e+01,1.821203292895003756e+01,4.071068854594042108e+00,2.591475305144819163e-02,4.381281814282946385e+00,1.551675649554754699e+01,-1.197131856329936683e+00,-5.965541605934270741e+00,6.763266662182411793e+00,-3.926325783731732599e+01,5.857128045357714363e+00,-3.665539071607525301e+01,2.190595224809059616e+01,-3.082129563275226047e+01,3.616098975121281534e+00,-1.159309500181563379e+01,-3.040515964927129744e+01,-9.875003708445776240e+00,-2.365825146106418142e+00,2.009515627105038504e+01,3.112863393398021827e+01,-1.894161043156650237e+00,-1.016446249844590755e+00,-1.523227279567532833e+01,4.209705816795850097e+00,1.486055267310443462e+01,-2.620037232620891388e+00,2.589531990065787426e+01,-3.474765512812798551e-01,3.088168914033309420e+01,-1.408767600476504178e+01,-2.971117479726878940e+01,-3.212249011567846679e+01,1.122101528674483895e+01,-1.146754778509903261e+01,2.935340505511315001e+01,7.087562740252298932e-01,1.946161597320934433e+01,-7.883050412820438169e+00,-8.583214524273474311e+00,-1.181149164264243723e+01,5.264254763906363266e+00,1.949603040344174198e+00,5.660162391063602527e+00,-1.759423210736312981e+01,-3.311138387279003226e+00,-6.113500594086971773e+00,1.011115118537028579e+01,5.137567595692457800e+00,1.219505335161379733e+01,4.637639096602360067e-01,1.173685814975737429e+01,3.728937953642774250e+00,-2.983648338465028615e+01,-3.046610000731197943e+01,3.884951876529790127e+01,3.408019728745187660e+00,4.546391575330782642e-02,2.487997667105680222e+01,3.009131891416944171e+01,-2.503727075976583727e+00,1.886266054927084923e+01,-1.013829091266873661e+01,-3.651507645704651139e+01,1.404647317873301882e+00,-3.288590973860586075e+01,-6.784590911931410950e+00,1.301268729119227530e+01,-6.552706896844790130e+00,1.056841217446896408e+00,-4.689391602639312850e+01,1.378776793920973986e+01,5.464268339450369183e+01,1.974346459358811501e+01,5.936023984073434789e+00,1.503380952141913696e+01,-2.914625557817927159e+01,-8.946961217314393977e+00,-1.711162301920557027e+01,-2.954716721555956127e+01,1.115211103034877471e+00,-3.142306110081414516e+01,-1.889314230320186994e+01,5.180314233835876792e+01,2.433431392492171952e+01,3.213207560003691299e+01,-1.947527422579044298e+01,-2.152773764783635357e-01,3.482654548821111007e+01,4.935818469908054063e+00,5.355073289834786721e+01,1.818382124210701178e+01
-2.911497192548136770e+00,5.991958775986407915e+00,-3.464184797660085025e+01,-1.435673493310613225e+00,-3.006580414157221881e+00,8.352351101294020808e+00,6.515823698357628757e+00,-1.841465530723669275e+01,2.798382424662847257e+01,1.828229747763239743e+01,1.802436148465637800e+01,-4.083487713969253363e+00,-7.797991433816401141e+00,-2.394234453901941961e+01,9.397336916012452690e+00,-6.994415071951692653e+00,1.425886807890966423e+01,3.137892883281388823e+00,-1.311212100657755819e+01,-5.359521690454181453e+01,7.271113959723948916e+00,3.015367310063043860e+01,1.149539920109425317e+01,1.312393007930262279e+01,5.201158840472231759e+00,-5.046603212003527794e+00,1.347616399830119782e+01,1.864513160096721833e+01,-4.812296391683673846e+01,2.096483645803284190e+01,-1.268391594847583725e+01,-2.657203157167736762e+01,-1.528243486778464266e+01,-1.452505692923013925e+01,-6.324650639486988801e+00,5.452437610183411998e+00,-4.004419820807031627e+00,-3.309651770485096289e+00,1.160531710171770570e+01,2.248601501395304680e+00,-1.837637382912669182e+01,2.019821526280430035e+01,-4.100410856089988343e+00,-2.363063463380657581e+01,9.082004211986687281e+00,9.368448954380905747e-01,-5.859774530460633457e+00,-8.252072904351246407e+00,1.896233112828323186e+01,-4.448689421337020278e+00,2.893611164375589695e+01,-2.617350941533696229e+01,1.008736606071948394e+01,-4.472041781309779473e+00,3.195465270672699631e+01,4.467174587562720234e+00,-1.413263880104834769e+01,2.255110328782910756e+01,1.280518535105934852e+01,2.815271603192239880e+01,-3.484460989302301748e+00,2.613796815968931497e+01,-4.607287845210014865e+01,-2.598467940833830170e+01,-6.065747041663957617e+01,8.430831763067818230e+00,7.041423502062859718e+00,-2.520884080967425689e+01,1.186067998092863718e+01,3.681122153993873880e+00,1.557401588947347193e+01,3.212805635701526796e+01,-1.697917038213790253e+00,-4.923226794713691845e+01,-3.771382722272301979e+00,1.393483265547785166e+01,2.745381130074506348e+00,-1.304040541591139046e+01,-3.968033060081063468e+01,9.413176854391331005e+00,1.925368685328405860e+01,9.779013984312987517e+00,-1.126673849195484323e+01,-2.538322558510556348e+01,5.214025439245541094e+01,4.270766131342289995e+00,-1.033040917155182292e+01,1.218738363739304909e+01,-7.133832812294567560e+00,-7.062056621113337318e-01,1.629701205073226333e+01,1.107380890977137966e+01,1.501464442033479951e+00,1.653676190065964136e+01,-2.455486665641436161e+01,2.796559829047874146e+00,1.986558328905712045e+01,8.007783531957992640e-01,7.843358649339647215e+00,2.149736961214150099e+01
4.458692410655572758e+00,9.698537252134212139e+00,9.502357593306433259e+00,-1.369381453760505707e+01,-2.591474323960770221e+01,-3.538330238238685865e+01,-3.094061566566485766e+01,2.190555943318582166e+01,2.682535520430748477e+01,7.936540283905362259e-01,-4.678764686310104537e+01,5.984151884886475870e+00,1.956680352755393315e+01,2.643115527438160139e+00,-9.975051663232544996e+00,-8.686834853256053535e-02,1.788411263904532333e+01,-1.493494436597275055e+01,2.380718300823007993e+01,-1.602541200553780598e+01,-1.379351953146486842e+01,-2.230914206889686557e+00,1.391399447313829363e+01,-1.286852749355243475e+01,-1.218764739814239206e+01,1.898934186513013267e-01,1.079806494746162748e+01,1.146136705480969464e+00,2.503682413678217245e+01,2.431439307231590519e+00,1.232982315899236703e+01,-2.267036007182593238e+01,5.411133638784891176e+00,-3.261345765433183175e+01,-2.950888281325938323e+01,-1.734967754044676269e+01,9.773669665096344161e+00,1.346223810854696978e+01,-3.555636808843257768e+01,-1.914195356579059926e+00,2.659918038603624524e+01,-1.564723951186615025e+01,-8.037334185074419324e+00,4.874428483526457079e+00,-9.463073190447410354e+00,1.218722265888235867e+01,2.004397050736860919e+01,2.943349689290779025e+01,-1.322589438441251630e+01,1.446097469163469285e+01,9.642610641085980205e+00,-2.722866442748868820e+01,-3.528511159615018755e+01,2.381806396795208514e+01,-1.249481391972101996e+01,-1.232322674157614095e+00,3.405313600079347225e+01,-1.033578917605150238e+01,1.838744483505469418e+01,-5.942864630354254274e+01,-1.801225481889845437e+00,-1.241510415406744450e+01,-4.498424783989887032e+01,2.504199879423994091e+01,2.196875437430823919e+00,2.195718015299470594e+01,-1.975838170754843048e+01,-1.234053681610171260e+01,-6.421838215784745785e+01,1.814679115343628979e+01,-1.538739870457956904e+01,-1.800943396386787132e+00,2.441740852830698927e+01,-3.532934120471665551e+01,-2.062638831743788970e+01,-3.127771400780983413e+01,-1.529428411596312642e+01,3.495137420091747771e+00,1.089968951746801196e+01,-7.958160100993252328e+00,1.856443755762207104e+01,9.384959175507617823e-02,2.356553572739419522e+01,-1.896321601221595543e+01,2.645928397824047207e-01,8.660815726699819805e+00,1.730696810028824473e+01,-1.103274939745535832e+01,1.373103847667520583e+01,-9.431939967794980006e+00,-7.880378174312136608e+00,6.378116497073488489e+00,7.671009209103828219e+00,-3.831866327160408758e+00,-3.095354869104136952e+01,2.170222559034033694e+01,1.943279516561253928e+01,-6.620361843317473571e+00,-2.557121790245222570e+01,-1.105971488975927031e+01
5.914206666147816982e+00,-2.065266845601318835e+01,5.466838446829068943e+00,1.193635084110818534e+00,-8.407036047338790397e+00,4.503388449255206183e+01,-1.089448670253810292e+01,7.893044689986380646e+00,-2.025377920103280260e+01,-2.698418404334270093e+01,7.352067623861097800e+00,9.910346907592273880e+00,2.156715473296909025e+01,-1.374495129879888111e+01,2.363301722690363249e+01,-2.179026043503996490e+01,2.427255633393040313e+01,-2.579170258210069377e+01,-6.760852922498624018e+00,-6.466995970198775590e-01,6.048773013612652072e+00,6.683972734505780444e+00,-1.836456117186616055e+01,-2.048819223473785200e+01,-1.981665495749158623e+00,3.078791354614097031e+01,1.675927841987502731e+01,-2.611143967059266213e+00,-2.715544514114908381e+00,-3.241155479939656914e+01,1.405484761054816012e+01,4.636988747237962727e+00,-1.981432325846555820e+00,-1.776429452355319683e+01,-1.934264499816157468e+01,4.415177464079339131e+01,-1.444165487804218717e+00,-2.207980423218000965e+01,-3.005343119759100290e+00,-4.017779988397043667e+01,-4.564828903089872369e+01,2.323468294282956847e+01,-1.746076579200039447e+01,1.299518494395437074e+01,5.077570224725034720e+00,4.124633967500208609e-01,1.945577879467726490e+01,1.365784588195511073e+00,-6.333922082652130747e+00,2.303753355747376830e+00,2.244556414151917867e+00,2.639536786525824752e+01,-2.450350988931518614e+01,2.194160387704912907e+01,1.099047583893738711e+01,-4.623292053552688685e+00,-3.026832431379270361e+01,-2.004582223684177222e+01,2.644809766789104089e+01,-1.197904690791117943e+01,-3.778167280201208200e+01,-7.982148866219659133e+00,9.127270407329509894e+00,1.174217673111926707e+01,3.378069695807026651e+00,6.065515756284641569e+00,-1.881570224585346196e+01,-2.161563269321035818e+00,1.073277325378140912e+00,-3.806852421958927479e+00,6.770036279030620996e+00,-3.626752937020627066e+00,-6.453615796746739797e+00,2.184219884155045932e+01,2.209768627540089625e+00,2.240238538132913959e+01,1.178784351234430439e+01,5.027724745551795493e+00,1.061969979739495251e+01,-2.038926182816556931e+01,-1.746304241440073568e+01,-6.828365205846307795e+00,-2.375798972142020560e+01,4.350907543277375567e+01,5.520474446087492026e+01,-3.613090879737380412e+00,2.510971717550023996e+01,7.431578282372669264e+00,2.852825169008124817e+01,-9.233728429376713009e+00,3.880891971146229480e+01,-2.072002556649059102e+01,-1.340439051665715198e+01,5.721779824954777993e-01,-8.779990733077649878e+00,1.429383297802300312e+01,1.059258557625216568e+01,9.655591533630063950e+00,-2.735128589688602574e+01,1.687374601702008192e+01
-5.268578801378288823e+00,-1.923395217626094222e+01,-2.879997499861038790e+01,-2.619617000530524820e+01,-3.380940476208179390e+00,1.428055447926595534e+01,1.997357923270418922e+01,-1.739057395785827964e+01,2.513870278103815536e+01,-2.482065924626681852e+00,9.912074486943831531e+00,1.205039425539875086e+00,-2.731204930238255457e+01,-3.366791764310699620e+01,9.392556703248938987e+00,-7.521596646287759924e+00,1.669911921420170842e+01,-1.377911513283758538e+01,2.405957677153198659e+01,1.721058548335362204e+01,-9.638016609301814697e+00,-8.034508277403528353e+00,4.610369621505630455e+00,3.213896918036716954e+01,6.877023834927902257e+00,1.737501818619662242e+00,2.111166921787463480e+01,-5.779301795364834504e+01,4.276029866356179099e+01,2.615852842928659072e+01,-2.834631547918846906e+01,-1.399163738150747704e+01,1.444415404725881924e+00,3.545494099963431012e+01,-7.647786915832271326e+00,-2.214662105178805973e+01,7.563600430147653597e+00,-8.980278276818825844e+00,-1.021085179007824628e+01,-7.695414818576562510e+00,1.486859436945559665e+01,-5.094195712607923809e+01,3.247750123961279911e+01,-8.112959860559286085e+00,3.540105823164667953e+01,3.346519215606338360e+00,-5.742874034498939295e+00,-2.484940927210032058e+01,-2.388003868430044818e+01,-2.171022425202340145e+01,6.060805787629726993e+00,-1.067561186157387265e+00,-6.001054445802695980e+00,-2.224633146362444336e+01,2.537218703333087433e+01,9.980018940514030490e-01,-1.621353097753499739e+01,-1.259705871400348265e+01,1.718999621752010043e+01,3.284241317231016666e+01,-4.397334698575007472e+00,4.341623643447789505e+00,7.168378596582155593e-01,3.768521837395749863e+00,-1.345661230160126109e+01,1.285422980866609954e+01,-1.308942135716283595e+01,-2.583103420642868997e+01,-1.717441848049379516e+01,-2.330131532749957302e+01,3.478428068841930010e+00,-2.028569138933315230e+01,2.717599570638295603e+01,-3.238316335711120075e+01,6.101192270147224406e+01,3.070092172567832733e+01,-4.321206468915935517e+01,1.149430774260150656e+01,-2.919843823571363117e+01,-1.129484228159667580e+01,-2.456748495300184842e+01,3.126693244801013449e+01,-1.582690436530347355e+01,3.232530405035872434e+01,-1.288852040403584276e+01,2.095147400389261350e+01,2.258207392864477470e+01,5.653066523628559992e+00,-2.951242677826615690e+01,-2.192745652457132977e+01,4.947834203362533145e+01,-2.292447886225632914e+01,-2.819163763873826500e+00,1.981296053406817848e+01,5.195904742992212277e+00,1.605288817638227172e+00,-2.738309629347120477e+01,1.578815950922472666e+01,-4.783651834848649287e+01,-1.878178892867765271e+01
4.005145896597907651e+00,2.039710252771456211e+01,5.269047810284078537e+00,4.338877344935802682e+00,3.573690596186471424e+01,7.779277702248504234e+00,-2.074256866236476071e+01,-2.489407824647840783e+01,7.161271763210971919e+00,2.099877800088765056e+01,1.513823805977729720e+01,1.073574436009897859e+01,-1.202456115810163695e+01,1.019956814868572481e+00,1.662008442890569526e+01,-1.513312760365579734e+01,2.719737835761591427e+01,2.259865835943444523e+01,3.321533647113507470e+01,-1.786127184772671228e+01,-1.110534278856574630e+01,7.276795163608905170e+01,-1.038564886781983709e+01,2.274173651377850547e+01,-2.192802150102723857e+01,-3.695451173051167437e+00,8.634877348388663165e-01,3.104664879974627567e+01,4.178015401728991662e+00,3.840933005584094673e+00,-2.762279848392987702e+01,1.077356075148374792e+01,1.825860176411724112e+01,-4.191534978669530886e+01,5.616540119096757167e+01,6.776081681539605217e-01,-2.699765880624725156e+01,-1.472581085589850147e+01,-4.685684421073625927e+00,6.880837456367813409e+00,3.480929202071377127e+00,-9.854073520285995258e+00,3.878793645731155593e+00,3.609955327913750267e+01,-1.052828199296595102e+00,3.372874286480719519e+01,-1.373216492850374948e+00,-8.195627378199265678e+00,8.361227690125476286e+00,-3.656103250748958367e+00,1.737309955004957374e+01,1.978333781700142291e-01,-2.635578295763937007e+01,3.112650376413284192e+01,5.277924021391183551e+00,-9.151839457488923912e+00,5.161930598777384205e+01,2.994935597494713875e+01,1.449247758549122267e+01,-1.846210467580385739e+01,2.939629676278212145e+01,-3.337290191942911122e+01,-3.659500862810705080e+00,1.474995823628366587e+01,-2.953180792438493185e+00,-3.099361139259622888e+01,2.009546011920344100e+00,-2.588875879762838395e+01,-2.046466443119726364e+01,-2.604906945639066862e+01,8.842933246988588181e+00,-1.684174934755444397e+01,3.006175161572078380e+01,-1.090426227859816954e+01,1.025921554050085049e+01,-5.448340664792212351e+00,4.821043197437860783e+01,-6.259375036329505093e+00,-6.300011231924491639e+00,-1.961360420112234770e+00,-1.382774544256657556e+01,-1.234798194490360990e+00,-1.765910958663285157e+01,-2.139046519624452714e+01,-3.958904658924157438e+00,1.726723580178372330e+01,1.524149196245886806e+01,-1.238079298101479253e+01,-1.425464600941258908e+01,-3.614251842854546704e-01,6.956763435474583979e+00,-1.055946514341164999e+01,-3.525903554298110976e+01,2.177002620348402218e+01,-2.250443002551347149e+01,-1.115388666140034957e+01,1.995689582423291952e+01,2.594699359361995761e+01,3.553315036776663050e+01,3.624693848547103414e+01
9.356517964241046315e+00,3.349368895998790840e+00,3.623783998537919615e+01,4.135453465908415893e+00,1.078722841713981850e+01,3.632416274310998894e+00,1.658599619594155428e+01,2.830785501320050912e+00,6.510562006358764364e+00,2.588459659010365499e+01,-3.705471349342660758e+00,-2.002771216651904851e+01,-3.596650864306039086e+00,-8.371123376860651888e+00,1.794667445532433803e+01,2.376066995569887297e+01,1.370214087355826393e+01,-8.461075857569403169e+00,1.682063460554272183e+01,1.176766588232512234e+01,1.392391928719183447e+01,2.307160071980561611e+01,1.848234811826080914e+01,-8.942727154052103611e-01,-3.869802163149022789e+01,1.526876549632152091e+01,1.862675565864617155e+01,-1.892673707820874540e+01,3.911940364322096908e+00,-1.163656459143208588e-01,-1.862682490869613616e+01,6.345145529723666300e+00,1.452204932602080056e+01,-6.157131676172230783e+00,1.376911567246299306e+01,-1.547449277434702175e+00,-2.361953846377323174e+01,-2.071294643961471849e+01,6.245695735971683149e+00,-2.039979728649495883e+01,1.452517452349944804e+01,1.526723694083199412e+01,-5.307373201708143640e+00,1.066432912739452288e-01,3.390889807144713775e+00,8.500266243391589427e+00,-1.378259925391428986e+01,-7.738615024911707607e+00,-3.976004876412406475e+01,-1.819361823124292066e+00,-1.526662412718201978e+01,2.243196055902159092e-01,-1.728163052413057699e+01,-3.490802848445537165e+01,3.157069143322922855e+01,-3.479384023839384099e+01,-1.746059438053481294e+00,-2.216446337973459535e+01,-6.370028505933115426e+00,-1.420321066102982588e+00,-1.738084744366773293e+01,-1.572277653033638645e+00,-1.171857139999801056e+01,-2.139945102868525595e+01,-6.543921578015809537e+00,-2.256597876238835454e+01,2.752940075876229020e-01,-1.533623209984619429e+01,3.897189951329919744e+00,4.722978562915246314e+00,7.211468901341146598e+00,-2.021978290391146960e+00,-2.197310228825678635e+01,2.152703409013349045e+01,-2.689109524032411969e+01,-6.927385749074812082e+00,-1.099878956156641863e+01,-2.058173511409024314e+01,1.674288253976176577e+01,9.270165709171356738e+00,-9.908758577022540592e+00,5.748640053991920240e+01,-3.028035349963414724e+00,3.111189007718865529e+00,4.730494298993411562e+00,-8.999983731563288458e+00,1.093319360283807384e+00,4.457366087439929458e+00,-3.568268755796461278e+01,2.732813610804497273e+01,4.068103078311272824e+00,2.174223265349272793e+01,5.984880109770021051e-01,2.162375922528898098e+00,-4.986076344061082466e+01,-3.657132590307861619e+01,1.380600069862884638e+01,3.268548843937893622e+01,2.911373000546397805e+00,4.384400569603245756e+00
